Total:,Not Hispanic or Latino,Hispanic or Latino,GEO_ID
1123,1123,0,1500000US261635001001
912,897,15,1500000US261635001002
465,465,0,1500000US261635001003
869,869,0,1500000US261635001004
681,681,0,1500000US261635002001
596,596,0,1500000US261635002002
679,660,19,1500000US261635002003
878,878,0,1500000US261635002004
598,598,0,1500000US261635003001
531,531,0,1500000US261635003002
388,387,1,1500000US261635003003
383,378,5,1500000US261635003004
200,194,6,1500000US261635004001
146,146,0,1500000US261635004002
383,383,0,1500000US261635004003
323,323,0,1500000US261635004004
672,665,7,1500000US261635005001
280,280,0,1500000US261635005002
217,217,0,1500000US261635005003
120,120,0,1500000US261635005004
918,918,0,1500000US261635006001
593,593,0,1500000US261635006002
416,416,0,1500000US261635006003
380,380,0,1500000US261635006004
584,584,0,1500000US261635006005
1386,1386,0,1500000US261635007001
998,998,0,1500000US261635007002
956,956,0,1500000US261635007003
1268,1268,0,1500000US261635007004
1618,1608,10,1500000US261635008001
1561,1561,0,1500000US261635008002
1635,1635,0,1500000US261635009001
799,774,25,1500000US261635009002
667,667,0,1500000US261635009003
449,449,0,1500000US261635009004
832,832,0,1500000US261635010001
423,423,0,1500000US261635010002
1839,1839,0,1500000US261635010003
386,386,0,1500000US261635011001
514,514,0,1500000US261635011002
319,317,2,1500000US261635011003
995,919,76,1500000US261635011004
672,615,57,1500000US261635011005
968,968,0,1500000US261635012001
680,680,0,1500000US261635012002
497,487,10,1500000US261635013001
279,273,6,1500000US261635013002
680,680,0,1500000US261635013003
244,244,0,1500000US261635013004
1311,1311,0,1500000US261635013005
761,760,1,1500000US261635014001
885,885,0,1500000US261635014002
757,757,0,1500000US261635014003
855,855,0,1500000US261635014004
1108,1108,0,1500000US261635015001
672,672,0,1500000US261635015002
595,595,0,1500000US261635015003
511,511,0,1500000US261635015004
1630,1604,26,1500000US261635015005
1222,1212,10,1500000US261635016001
927,916,11,1500000US261635016002
984,951,33,1500000US261635017001
904,904,0,1500000US261635017002
1063,1022,41,1500000US261635018001
1182,1182,0,1500000US261635018002
985,957,28,1500000US261635018003
1503,1433,70,1500000US261635018004
771,761,10,1500000US261635019001
481,407,74,1500000US261635019002
556,556,0,1500000US261635019003
1064,1064,0,1500000US261635019004
1307,1307,0,1500000US261635020001
769,747,22,1500000US261635020002
1286,1286,0,1500000US261635031001
984,979,5,1500000US261635031002
826,826,0,1500000US261635031003
1091,1091,0,1500000US261635032001
580,580,0,1500000US261635032002
782,782,0,1500000US261635032003
707,707,0,1500000US261635033001
982,982,0,1500000US261635033002
1288,1277,11,1500000US261635033003
531,531,0,1500000US261635033004
610,610,0,1500000US261635034001
345,345,0,1500000US261635034002
664,664,0,1500000US261635035001
279,279,0,1500000US261635035002
842,842,0,1500000US261635035003
250,250,0,1500000US261635035004
749,749,0,1500000US261635035005
296,292,4,1500000US261635036001
290,290,0,1500000US261635036002
845,845,0,1500000US261635036003
472,378,94,1500000US261635039001
259,259,0,1500000US261635039002
1340,1340,0,1500000US261635039003
807,807,0,1500000US261635040001
434,434,0,1500000US261635040002
231,231,0,1500000US261635041001
371,371,0,1500000US261635041002
755,755,0,1500000US261635041003
503,503,0,1500000US261635042001
609,609,0,1500000US261635042002
585,585,0,1500000US261635042003
229,229,0,1500000US261635042004
540,540,0,1500000US261635043001
745,745,0,1500000US261635043002
782,782,0,1500000US261635043003
534,534,0,1500000US261635044001
427,427,0,1500000US261635044002
606,606,0,1500000US261635044003
622,622,0,1500000US261635047001
695,695,0,1500000US261635047002
397,397,0,1500000US261635047003
210,210,0,1500000US261635048001
381,381,0,1500000US261635048002
520,520,0,1500000US261635049001
695,695,0,1500000US261635049002
1433,1433,0,1500000US261635049003
838,838,0,1500000US261635049004
579,573,6,1500000US261635050001
216,216,0,1500000US261635050002
1683,1683,0,1500000US261635051001
658,658,0,1500000US261635051002
755,755,0,1500000US261635051003
120,120,0,1500000US261635051004
520,496,24,1500000US261635051005
977,977,0,1500000US261635052001
434,434,0,1500000US261635052002
368,368,0,1500000US261635052003
1182,1159,23,1500000US261635052004
994,994,0,1500000US261635054001
430,430,0,1500000US261635054002
339,339,0,1500000US261635054003
649,649,0,1500000US261635054004
667,662,5,1500000US261635055001
495,495,0,1500000US261635055002
1230,1230,0,1500000US261635061001
784,716,68,1500000US261635061002
1233,1233,0,1500000US261635062001
741,741,0,1500000US261635062002
477,477,0,1500000US261635063001
570,566,4,1500000US261635063002
745,745,0,1500000US261635063003
376,269,107,1500000US261635064001
514,514,0,1500000US261635064002
1125,1072,53,1500000US261635064003
510,477,33,1500000US261635065001
806,806,0,1500000US261635065002
825,812,13,1500000US261635065003
682,679,3,1500000US261635066001
1317,1213,104,1500000US261635066002
284,284,0,1500000US261635066003
1140,1140,0,1500000US261635066004
1066,1049,17,1500000US261635067001
941,941,0,1500000US261635068001
885,885,0,1500000US261635068002
1721,1721,0,1500000US261635068003
343,343,0,1500000US261635068004
773,773,0,1500000US261635069001
728,728,0,1500000US261635069002
519,519,0,1500000US261635069003
760,760,0,1500000US261635069004
791,791,0,1500000US261635069005
1468,1468,0,1500000US261635070001
844,844,0,1500000US261635070002
644,644,0,1500000US261635070003
211,211,0,1500000US261635071001
1046,1046,0,1500000US261635071002
310,310,0,1500000US261635071003
515,515,0,1500000US261635071004
442,442,0,1500000US261635072001
649,649,0,1500000US261635072002
1066,1066,0,1500000US261635073001
405,389,16,1500000US261635073002
471,463,8,1500000US261635073003
408,360,48,1500000US261635074001
963,963,0,1500000US261635074002
484,484,0,1500000US261635074003
305,305,0,1500000US261635074004
799,799,0,1500000US261635075001
844,844,0,1500000US261635075002
226,226,0,1500000US261635075003
389,389,0,1500000US261635078001
67,63,4,1500000US261635078002
215,209,6,1500000US261635079001
131,131,0,1500000US261635079002
611,611,0,1500000US261635079003
145,145,0,1500000US261635079004
289,289,0,1500000US261635080001
984,984,0,1500000US261635080002
279,279,0,1500000US261635081001
213,213,0,1500000US261635081002
246,198,48,1500000US261635081003
274,274,0,1500000US261635081004
240,131,109,1500000US261635081005
183,183,0,1500000US261635104001
93,93,0,1500000US261635104002
238,238,0,1500000US261635104003
135,135,0,1500000US261635105001
1854,1854,0,1500000US261635105002
199,199,0,1500000US261635105003
2069,2016,53,1500000US261635105004
999,999,0,1500000US261635106001
2285,2285,0,1500000US261635106002
2790,2784,6,1500000US261635106003
633,633,0,1500000US261635107001
1373,1373,0,1500000US261635107002
164,164,0,1500000US261635110001
211,211,0,1500000US261635110002
654,654,0,1500000US261635110003
533,521,12,1500000US261635110004
904,904,0,1500000US261635112001
300,300,0,1500000US261635112002
1538,1538,0,1500000US261635113001
491,491,0,1500000US261635113002
485,485,0,1500000US261635113003
496,496,0,1500000US261635114001
718,683,35,1500000US261635114002
289,269,20,1500000US261635114003
247,247,0,1500000US261635114004
614,603,11,1500000US261635114005
865,865,0,1500000US261635119001
504,484,20,1500000US261635119002
528,528,0,1500000US261635121001
679,679,0,1500000US261635121002
643,643,0,1500000US261635121003
470,470,0,1500000US261635121004
387,387,0,1500000US261635121005
849,849,0,1500000US261635122001
212,212,0,1500000US261635122002
844,844,0,1500000US261635123001
561,561,0,1500000US261635123002
385,385,0,1500000US261635124001
242,242,0,1500000US261635124002
470,470,0,1500000US261635124003
360,360,0,1500000US261635126001
350,350,0,1500000US261635126002
229,229,0,1500000US261635126003
240,240,0,1500000US261635126004
522,459,63,1500000US261635129001
557,557,0,1500000US261635129002
149,149,0,1500000US261635129003
549,549,0,1500000US261635132001
518,518,0,1500000US261635132002
601,596,5,1500000US261635132003
1177,1121,56,1500000US261635133001
1303,1265,38,1500000US261635133002
338,338,0,1500000US261635136001
1041,1041,0,1500000US261635136002
1304,1304,0,1500000US261635137001
1102,1094,8,1500000US261635137002
1210,1210,0,1500000US261635137003
780,780,0,1500000US261635139001
959,959,0,1500000US261635139002
140,140,0,1500000US261635139003
786,786,0,1500000US261635141001
506,506,0,1500000US261635141002
574,565,9,1500000US261635141003
719,719,0,1500000US261635141004
511,511,0,1500000US261635142001
408,408,0,1500000US261635142002
472,472,0,1500000US261635142003
157,157,0,1500000US261635142004
719,664,55,1500000US261635142005
968,958,10,1500000US261635143001
518,518,0,1500000US261635143002
1064,1064,0,1500000US261635143003
428,428,0,1500000US261635145001
515,515,0,1500000US261635145002
1112,1088,24,1500000US261635152001
839,723,116,1500000US261635152002
1221,1155,66,1500000US261635153001
1388,1367,21,1500000US261635153002
563,563,0,1500000US261635153003
656,632,24,1500000US261635154001
977,964,13,1500000US261635154002
714,714,0,1500000US261635156001
742,742,0,1500000US261635156002
3078,3063,15,1500000US261635157001
641,601,40,1500000US261635157002
746,746,0,1500000US261635159001
201,201,0,1500000US261635159002
393,391,2,1500000US261635159003
1104,1101,3,1500000US261635160001
254,254,0,1500000US261635160002
478,471,7,1500000US261635160003
394,386,8,1500000US261635160004
217,217,0,1500000US261635161001
359,354,5,1500000US261635161002
237,237,0,1500000US261635162001
408,408,0,1500000US261635162002
720,708,12,1500000US261635163001
581,568,13,1500000US261635164001
274,274,0,1500000US261635164002
1901,1891,10,1500000US261635165001
1655,1655,0,1500000US261635166001
879,853,26,1500000US261635166002
2260,2260,0,1500000US261635167001
934,934,0,1500000US261635167002
477,471,6,1500000US261635168001
471,471,0,1500000US261635168002
2052,2052,0,1500000US261635169001
3111,3040,71,1500000US261635170001
1167,1157,10,1500000US261635171001
895,843,52,1500000US261635172001
1576,1481,95,1500000US261635172002
1385,1377,8,1500000US261635173001
1051,1051,0,1500000US261635173002
897,885,12,1500000US261635175001
1307,1263,44,1500000US261635175002
487,487,0,1500000US261635175003
1227,1202,25,1500000US261635180001
1636,1584,52,1500000US261635180002
181,181,0,1500000US261635184001
88,88,0,1500000US261635184002
228,223,5,1500000US261635185001
605,594,11,1500000US261635185002
227,227,0,1500000US261635186001
146,145,1,1500000US261635186002
272,272,0,1500000US261635188001
293,291,2,1500000US261635188002
1855,1848,7,1500000US261635189001
1517,1472,45,1500000US261635202001
1621,1548,73,1500000US261635202002
1996,1930,66,1500000US261635203001
628,583,45,1500000US261635203002
1941,1925,16,1500000US261635204001
1171,1143,28,1500000US261635207001
1665,1622,43,1500000US261635207002
1728,1624,104,1500000US261635208001
826,548,278,1500000US261635211001
1123,582,541,1500000US261635211002
889,602,287,1500000US261635213001
1147,998,149,1500000US261635214001
679,673,6,1500000US261635215001
835,707,128,1500000US261635215002
1625,1586,39,1500000US261635218001
785,760,25,1500000US261635219001
1194,1194,0,1500000US261635219002
1126,1089,37,1500000US261635219003
1936,1916,20,1500000US261635220001
237,237,0,1500000US261635221001
425,360,65,1500000US261635221002
242,242,0,1500000US261635222001
148,145,3,1500000US261635222002
290,290,0,1500000US261635223001
976,963,13,1500000US261635223002
151,151,0,1500000US261635224001
821,803,18,1500000US261635224002
528,528,0,1500000US261635225001
639,639,0,1500000US261635225002
605,588,17,1500000US261635225003
1480,455,1025,1500000US261635231001
1848,550,1298,1500000US261635232001
2108,406,1702,1500000US261635232002
831,501,330,1500000US261635233001
1761,159,1602,1500000US261635233002
758,73,685,1500000US261635233003
1115,573,542,1500000US261635234001
997,410,587,1500000US261635234002
811,375,436,1500000US261635238001
639,344,295,1500000US261635238002
1091,145,946,1500000US261635238003
2142,694,1448,1500000US261635238004
1408,383,1025,1500000US261635240001
494,163,331,1500000US261635240002
1410,236,1174,1500000US261635240003
719,252,467,1500000US261635241001
955,175,780,1500000US261635241002
1338,540,798,1500000US261635241003
683,235,448,1500000US261635241004
1239,185,1054,1500000US261635242001
637,169,468,1500000US261635242002
587,48,539,1500000US261635242003
707,318,389,1500000US261635242004
1078,773,305,1500000US261635242005
1131,580,551,1500000US261635242006
668,123,545,1500000US261635243001
1237,279,958,1500000US261635243002
999,186,813,1500000US261635243003
32,23,9,1500000US261635245001
81,40,41,1500000US261635245002
293,293,0,1500000US261635247001
776,776,0,1500000US261635247002
704,704,0,1500000US261635247003
527,527,0,1500000US261635247004
617,488,129,1500000US261635247005
1016,522,494,1500000US261635247006
552,337,215,1500000US261635248001
666,666,0,1500000US261635248002
435,363,72,1500000US261635248003
242,242,0,1500000US261635248004
737,737,0,1500000US261635248005
749,289,460,1500000US261635249001
430,223,207,1500000US261635249002
0,0,0,1500000US261635250001
411,369,42,1500000US261635250002
221,146,75,1500000US261635250003
839,392,447,1500000US261635254001
461,222,239,1500000US261635254002
1069,985,84,1500000US261635254003
648,451,197,1500000US261635255001
529,292,237,1500000US261635255002
618,108,510,1500000US261635256001
933,207,726,1500000US261635256002
1808,168,1640,1500000US261635257001
797,67,730,1500000US261635257002
1971,374,1597,1500000US261635257003
796,519,277,1500000US261635257004
761,207,554,1500000US261635258001
1285,482,803,1500000US261635258002
1718,1319,399,1500000US261635260001
1404,666,738,1500000US261635260002
1013,772,241,1500000US261635261001
2183,1449,734,1500000US261635261002
1611,986,625,1500000US261635262001
866,197,669,1500000US261635262002
808,149,659,1500000US261635262003
974,86,888,1500000US261635263001
860,88,772,1500000US261635263002
1851,471,1380,1500000US261635263003
694,113,581,1500000US261635264001
662,194,468,1500000US261635264002
389,242,147,1500000US261635265001
1132,796,336,1500000US261635265002
300,219,81,1500000US261635265003
494,482,12,1500000US261635272001
155,111,44,1500000US261635272002
399,338,61,1500000US261635273001
615,507,108,1500000US261635273002
704,704,0,1500000US261635301001
366,366,0,1500000US261635301002
771,771,0,1500000US261635301003
330,330,0,1500000US261635301004
1389,1389,0,1500000US261635302001
921,897,24,1500000US261635302002
139,139,0,1500000US261635302003
1509,1468,41,1500000US261635302004
340,340,0,1500000US261635302005
281,281,0,1500000US261635303001
329,329,0,1500000US261635303002
702,702,0,1500000US261635303003
398,398,0,1500000US261635304001
647,647,0,1500000US261635304002
490,490,0,1500000US261635305001
890,890,0,1500000US261635305002
435,435,0,1500000US261635305003
321,316,5,1500000US261635308001
495,495,0,1500000US261635308002
298,292,6,1500000US261635308003
417,417,0,1500000US261635308004
535,535,0,1500000US261635309001
854,840,14,1500000US261635309002
237,237,0,1500000US261635309003
578,568,10,1500000US261635311001
373,373,0,1500000US261635311002
902,902,0,1500000US261635312001
407,389,18,1500000US261635312002
1267,1261,6,1500000US261635312003
481,481,0,1500000US261635313001
563,563,0,1500000US261635313002
380,380,0,1500000US261635314001
826,814,12,1500000US261635314002
417,417,0,1500000US261635315001
938,938,0,1500000US261635315002
1197,1140,57,1500000US261635315003
163,163,0,1500000US261635315004
761,760,1,1500000US261635316001
1094,1071,23,1500000US261635316002
648,648,0,1500000US261635317001
905,905,0,1500000US261635317002
350,350,0,1500000US261635318001
477,477,0,1500000US261635318002
454,454,0,1500000US261635318003
178,152,26,1500000US261635319001
726,719,7,1500000US261635319002
322,322,0,1500000US261635322001
877,815,62,1500000US261635322002
727,727,0,1500000US261635323001
301,281,20,1500000US261635324001
613,606,7,1500000US261635324002
498,498,0,1500000US261635324003
641,641,0,1500000US261635326001
1086,1058,28,1500000US261635326002
242,236,6,1500000US261635326003
413,413,0,1500000US261635327001
201,201,0,1500000US261635327002
713,713,0,1500000US261635330001
921,903,18,1500000US261635330002
634,634,0,1500000US261635331001
512,512,0,1500000US261635331002
281,281,0,1500000US261635331003
214,214,0,1500000US261635332001
295,295,0,1500000US261635332002
318,312,6,1500000US261635332003
100,100,0,1500000US261635333001
923,923,0,1500000US261635333002
439,439,0,1500000US261635334001
546,546,0,1500000US261635334002
162,162,0,1500000US261635334003
748,748,0,1500000US261635334004
276,276,0,1500000US261635334005
530,530,0,1500000US261635335001
665,665,0,1500000US261635335002
403,403,0,1500000US261635336001
438,438,0,1500000US261635336002
833,833,0,1500000US261635336003
709,662,47,1500000US261635337001
190,190,0,1500000US261635337002
1087,1029,58,1500000US261635339001
410,410,0,1500000US261635339002
1302,1271,31,1500000US261635339003
338,338,0,1500000US261635341001
533,533,0,1500000US261635341002
719,719,0,1500000US261635341003
883,883,0,1500000US261635342001
405,405,0,1500000US261635342002
775,730,45,1500000US261635342003
241,241,0,1500000US261635342004
1094,1094,0,1500000US261635342005
598,582,16,1500000US261635343001
879,790,89,1500000US261635343002
820,816,4,1500000US261635344001
898,858,40,1500000US261635344002
355,355,0,1500000US261635345001
328,328,0,1500000US261635345002
524,524,0,1500000US261635346001
329,304,25,1500000US261635346002
981,547,434,1500000US261635346003
793,793,0,1500000US261635347001
1117,1117,0,1500000US261635347002
529,529,0,1500000US261635347003
984,984,0,1500000US261635347004
668,668,0,1500000US261635350001
788,663,125,1500000US261635350002
1285,1285,0,1500000US261635350003
543,543,0,1500000US261635351001
1194,1188,6,1500000US261635351002
566,566,0,1500000US261635352001
158,158,0,1500000US261635352002
715,715,0,1500000US261635352003
609,609,0,1500000US261635352004
820,820,0,1500000US261635353001
717,717,0,1500000US261635353002
326,326,0,1500000US261635353003
1194,1194,0,1500000US261635353004
1138,1138,0,1500000US261635353005
859,853,6,1500000US261635354001
576,462,114,1500000US261635354002
1241,1241,0,1500000US261635355001
961,821,140,1500000US261635355002
1198,1016,182,1500000US261635355003
1920,1920,0,1500000US261635356001
739,739,0,1500000US261635356002
645,645,0,1500000US261635356003
1059,1059,0,1500000US261635356004
612,548,64,1500000US261635357001
510,510,0,1500000US261635357002
1036,1036,0,1500000US261635361001
891,891,0,1500000US261635361002
985,980,5,1500000US261635361003
488,488,0,1500000US261635361004
756,756,0,1500000US261635362001
1559,1559,0,1500000US261635362002
385,385,0,1500000US261635363001
281,281,0,1500000US261635363002
814,809,5,1500000US261635363003
584,584,0,1500000US261635363004
217,217,0,1500000US261635363005
464,464,0,1500000US261635363006
132,132,0,1500000US261635364001
560,560,0,1500000US261635364002
590,590,0,1500000US261635364003
992,992,0,1500000US261635364004
563,563,0,1500000US261635365001
397,377,20,1500000US261635365002
522,522,0,1500000US261635365003
856,856,0,1500000US261635365004
296,284,12,1500000US261635366001
643,643,0,1500000US261635366002
462,462,0,1500000US261635366003
689,676,13,1500000US261635366004
393,393,0,1500000US261635366005
462,462,0,1500000US261635367001
494,494,0,1500000US261635367002
1043,1024,19,1500000US261635368001
760,760,0,1500000US261635368002
643,643,0,1500000US261635369001
900,900,0,1500000US261635369002
1481,1357,124,1500000US261635369003
211,211,0,1500000US261635369004
1352,1352,0,1500000US261635370001
785,785,0,1500000US261635370002
1262,1252,10,1500000US261635370003
239,239,0,1500000US261635371001
618,618,0,1500000US261635371002
1418,1379,39,1500000US261635371003
247,247,0,1500000US261635372001
345,345,0,1500000US261635372002
585,585,0,1500000US261635373001
335,335,0,1500000US261635373002
552,551,1,1500000US261635373003
255,255,0,1500000US261635373004
514,514,0,1500000US261635375001
613,613,0,1500000US261635375002
479,479,0,1500000US261635375003
847,815,32,1500000US261635375004
611,611,0,1500000US261635375005
767,682,85,1500000US261635376001
505,505,0,1500000US261635376002
2383,2383,0,1500000US261635376003
1302,1302,0,1500000US261635377001
747,747,0,1500000US261635377002
1034,1034,0,1500000US261635377003
372,372,0,1500000US261635378001
766,766,0,1500000US261635378002
308,308,0,1500000US261635378003
1028,1018,10,1500000US261635381001
1301,1277,24,1500000US261635381002
1111,1111,0,1500000US261635382001
1103,1038,65,1500000US261635382002
1131,1131,0,1500000US261635383001
998,974,24,1500000US261635383002
1019,1008,11,1500000US261635384001
1030,1014,16,1500000US261635384002
1057,1047,10,1500000US261635384003
1329,1252,77,1500000US261635384004
340,340,0,1500000US261635385001
397,397,0,1500000US261635385002
632,632,0,1500000US261635385003
256,256,0,1500000US261635385004
459,441,18,1500000US261635385005
709,693,16,1500000US261635385006
1865,1849,16,1500000US261635385007
943,895,48,1500000US261635386001
703,703,0,1500000US261635386002
965,965,0,1500000US261635386003
787,787,0,1500000US261635386004
727,714,13,1500000US261635386005
1433,1433,0,1500000US261635386006
1033,1033,0,1500000US261635387001
1413,1413,0,1500000US261635387002
2076,2076,0,1500000US261635387003
857,839,18,1500000US261635388001
800,800,0,1500000US261635388002
824,824,0,1500000US261635389001
1009,1009,0,1500000US261635389002
900,889,11,1500000US261635389003
686,686,0,1500000US261635389004
878,878,0,1500000US261635390001
534,534,0,1500000US261635390002
545,545,0,1500000US261635390003
821,821,0,1500000US261635390004
686,664,22,1500000US261635391001
1078,1078,0,1500000US261635391002
584,584,0,1500000US261635392001
1913,1913,0,1500000US261635392002
890,890,0,1500000US261635392003
275,275,0,1500000US261635392004
783,749,34,1500000US261635392005
1097,1077,20,1500000US261635392006
721,721,0,1500000US261635393001
778,778,0,1500000US261635393002
1091,1091,0,1500000US261635393003
1500,1500,0,1500000US261635393004
1401,1362,39,1500000US261635394001
1256,1256,0,1500000US261635394002
1413,1413,0,1500000US261635394003
518,518,0,1500000US261635395001
513,506,7,1500000US261635395002
1168,1168,0,1500000US261635395003
1084,1084,0,1500000US261635395004
980,963,17,1500000US261635396001
1135,1135,0,1500000US261635396002
1414,1341,73,1500000US261635396003
781,781,0,1500000US261635397001
1213,1213,0,1500000US261635397002
1259,1259,0,1500000US261635401001
822,822,0,1500000US261635401002
321,321,0,1500000US261635401003
536,536,0,1500000US261635401004
672,672,0,1500000US261635402001
542,542,0,1500000US261635402002
623,623,0,1500000US261635402003
474,474,0,1500000US261635402004
212,111,101,1500000US261635402005
822,822,0,1500000US261635402006
357,357,0,1500000US261635403001
1029,1029,0,1500000US261635403002
348,348,0,1500000US261635403003
707,707,0,1500000US261635403004
1083,1083,0,1500000US261635403005
374,373,1,1500000US261635404001
879,879,0,1500000US261635404002
934,934,0,1500000US261635404003
696,696,0,1500000US261635404004
1371,1371,0,1500000US261635405001
602,602,0,1500000US261635405002
779,768,11,1500000US261635405003
604,604,0,1500000US261635405004
1033,1033,0,1500000US261635406001
611,594,17,1500000US261635406002
745,745,0,1500000US261635406003
981,930,51,1500000US261635406004
256,151,105,1500000US261635407001
549,481,68,1500000US261635407002
1154,1059,95,1500000US261635407003
1577,1577,0,1500000US261635407004
662,662,0,1500000US261635408001
1778,1769,9,1500000US261635408002
1074,1074,0,1500000US261635409001
915,915,0,1500000US261635409002
479,479,0,1500000US261635409003
1009,1009,0,1500000US261635409004
1268,1268,0,1500000US261635410001
1750,1750,0,1500000US261635410002
1158,1158,0,1500000US261635410003
487,487,0,1500000US261635411001
436,436,0,1500000US261635411002
309,309,0,1500000US261635411003
766,755,11,1500000US261635411004
361,349,12,1500000US261635411005
559,559,0,1500000US261635412001
990,990,0,1500000US261635412002
361,361,0,1500000US261635412003
364,333,31,1500000US261635412004
1035,1024,11,1500000US261635413001
1057,1026,31,1500000US261635413002
780,759,21,1500000US261635413003
494,479,15,1500000US261635414001
1189,1174,15,1500000US261635414002
1210,1210,0,1500000US261635414003
782,782,0,1500000US261635415001
1040,1040,0,1500000US261635415002
721,721,0,1500000US261635415003
1642,1642,0,1500000US261635415004
686,684,2,1500000US261635417001
1815,1758,57,1500000US261635417002
1079,1059,20,1500000US261635418001
1294,1286,8,1500000US261635418002
1115,1115,0,1500000US261635421001
522,512,10,1500000US261635421002
566,566,0,1500000US261635421003
421,421,0,1500000US261635421004
1101,1093,8,1500000US261635421005
379,379,0,1500000US261635421006
540,532,8,1500000US261635422001
837,837,0,1500000US261635422002
570,570,0,1500000US261635422003
788,788,0,1500000US261635422004
509,508,1,1500000US261635422005
763,763,0,1500000US261635423001
543,517,26,1500000US261635423002
683,683,0,1500000US261635423003
644,644,0,1500000US261635424001
906,906,0,1500000US261635424002
1213,1213,0,1500000US261635424003
1123,1082,41,1500000US261635425001
721,721,0,1500000US261635425002
819,819,0,1500000US261635425003
1359,1359,0,1500000US261635426001
1026,1026,0,1500000US261635426002
905,905,0,1500000US261635426003
441,441,0,1500000US261635426004
939,927,12,1500000US261635427001
586,586,0,1500000US261635428001
1273,1273,0,1500000US261635428002
941,933,8,1500000US261635428003
880,880,0,1500000US261635429001
737,737,0,1500000US261635429002
1237,1237,0,1500000US261635429003
999,999,0,1500000US261635429004
1214,1214,0,1500000US261635430001
634,634,0,1500000US261635430002
1085,1085,0,1500000US261635431001
1312,1300,12,1500000US261635431002
1226,1201,25,1500000US261635432001
358,358,0,1500000US261635432002
1264,1264,0,1500000US261635432003
1258,1244,14,1500000US261635434001
1502,1502,0,1500000US261635434002
817,785,32,1500000US261635434003
374,374,0,1500000US261635435001
570,570,0,1500000US261635435002
195,195,0,1500000US261635436001
553,553,0,1500000US261635436002
336,336,0,1500000US261635436003
294,294,0,1500000US261635437001
1837,1797,40,1500000US261635437002
489,456,33,1500000US261635437003
487,431,56,1500000US261635438001
290,273,17,1500000US261635438002
495,487,8,1500000US261635439001
287,279,8,1500000US261635439002
1054,1019,35,1500000US261635440001
1580,1539,41,1500000US261635440002
823,823,0,1500000US261635441001
815,810,5,1500000US261635441002
841,841,0,1500000US261635441003
616,606,10,1500000US261635442001
753,752,1,1500000US261635442002
412,412,0,1500000US261635442003
526,526,0,1500000US261635443001
367,367,0,1500000US261635443002
1495,1484,11,1500000US261635443003
237,237,0,1500000US261635451001
286,286,0,1500000US261635451002
250,250,0,1500000US261635451003
411,411,0,1500000US261635452001
800,800,0,1500000US261635452002
678,678,0,1500000US261635452003
626,626,0,1500000US261635452004
401,401,0,1500000US261635453001
662,662,0,1500000US261635453002
1015,1015,0,1500000US261635453003
1863,1859,4,1500000US261635454001
657,518,139,1500000US261635455001
699,681,18,1500000US261635455002
455,455,0,1500000US261635455003
1055,1055,0,1500000US261635455004
661,661,0,1500000US261635455005
475,475,0,1500000US261635455006
1217,1095,122,1500000US261635456001
747,555,192,1500000US261635456002
1356,1356,0,1500000US261635456003
1195,896,299,1500000US261635456004
988,818,170,1500000US261635456005
1857,1583,274,1500000US261635457001
1542,1311,231,1500000US261635457002
825,695,130,1500000US261635458001
1057,993,64,1500000US261635458002
1289,994,295,1500000US261635458003
1053,885,168,1500000US261635458004
1101,1064,37,1500000US261635458005
1239,1091,148,1500000US261635459001
560,560,0,1500000US261635459002
374,360,14,1500000US261635459003
605,437,168,1500000US261635459004
1222,1222,0,1500000US261635459005
425,425,0,1500000US261635460001
494,473,21,1500000US261635460002
475,475,0,1500000US261635460003
473,473,0,1500000US261635460004
1219,1107,112,1500000US261635460005
292,279,13,1500000US261635461001
1285,1285,0,1500000US261635461002
825,751,74,1500000US261635461003
823,823,0,1500000US261635461004
354,336,18,1500000US261635461005
1155,1128,27,1500000US261635462001
600,560,40,1500000US261635462002
920,920,0,1500000US261635462003
1270,1270,0,1500000US261635462004
969,872,97,1500000US261635463001
1029,1029,0,1500000US261635463002
343,343,0,1500000US261635464001
592,585,7,1500000US261635464002
1129,1119,10,1500000US261635465001
1285,1271,14,1500000US261635465002
576,576,0,1500000US261635466001
1008,1008,0,1500000US261635466002
443,443,0,1500000US261635466003
215,215,0,1500000US261635467001
247,247,0,1500000US261635467002
811,799,12,1500000US261635467003
753,742,11,1500000US261635467004
679,679,0,1500000US261635467005
449,449,0,1500000US261635468001
723,700,23,1500000US261635468002
1736,1736,0,1500000US261635468003
1017,1017,0,1500000US261635468004
1061,1061,0,1500000US261635469001
648,648,0,1500000US261635501001
773,745,28,1500000US261635501002
584,584,0,1500000US261635501003
603,603,0,1500000US261635501004
1399,1389,10,1500000US261635501005
1312,1302,10,1500000US261635502001
1362,1325,37,1500000US261635502002
1314,1298,16,1500000US261635502003
1302,1302,0,1500000US261635503001
1856,1848,8,1500000US261635503002
734,714,20,1500000US261635504001
814,808,6,1500000US261635504002
766,766,0,1500000US261635505001
1475,1396,79,1500000US261635505002
1417,1371,46,1500000US261635505003
614,595,19,1500000US261635506001
1196,1172,24,1500000US261635506002
609,609,0,1500000US261635506003
1068,1068,0,1500000US261635507001
676,676,0,1500000US261635507002
762,753,9,1500000US261635507003
471,471,0,1500000US261635507004
931,931,0,1500000US261635507005
1375,1201,174,1500000US261635507006
747,747,0,1500000US261635508001
719,693,26,1500000US261635508002
883,883,0,1500000US261635509001
962,946,16,1500000US261635509002
890,831,59,1500000US261635509003
1271,1250,21,1500000US261635511001
1239,1234,5,1500000US261635511002
1293,1265,28,1500000US261635511003
1107,1060,47,1500000US261635511004
797,757,40,1500000US261635512001
545,539,6,1500000US261635512002
770,762,8,1500000US261635512003
1142,1135,7,1500000US261635512004
748,738,10,1500000US261635512005
394,386,8,1500000US261635513001
637,637,0,1500000US261635513002
1529,1523,6,1500000US261635513003
1070,1059,11,1500000US261635513004
1020,1020,0,1500000US261635514001
1009,1009,0,1500000US261635514002
1166,1166,0,1500000US261635514003
1011,973,38,1500000US261635514004
1183,1183,0,1500000US261635515001
1284,1243,41,1500000US261635515002
1220,1220,0,1500000US261635516001
1678,1678,0,1500000US261635516002
694,685,9,1500000US261635516003
1032,1008,24,1500000US261635517001
1227,1227,0,1500000US261635517002
947,937,10,1500000US261635517003
945,945,0,1500000US261635518001
1559,1499,60,1500000US261635518002
876,830,46,1500000US261635518003
1843,1843,0,1500000US261635520001
1455,1424,31,1500000US261635520002
537,499,38,1500000US261635521001
599,599,0,1500000US261635521002
825,800,25,1500000US261635521003
714,714,0,1500000US261635521004
1139,1139,0,1500000US261635521005
1576,1576,0,1500000US261635522001
1187,1187,0,1500000US261635522002
946,933,13,1500000US261635522003
1199,1199,0,1500000US261635523001
937,814,123,1500000US261635523002
1068,1068,0,1500000US261635523003
1046,1029,17,1500000US261635524001
1796,1779,17,1500000US261635524002
556,537,19,1500000US261635528001
530,530,0,1500000US261635528002
822,822,0,1500000US261635528003
1501,1501,0,1500000US261635528004
1546,1546,0,1500000US261635528005
593,593,0,1500000US261635530001
413,404,9,1500000US261635530002
111,111,0,1500000US261635531001
952,952,0,1500000US261635531002
602,602,0,1500000US261635531003
381,381,0,1500000US261635532001
280,280,0,1500000US261635532002
778,778,0,1500000US261635533001
330,326,4,1500000US261635533002
366,363,3,1500000US261635534001
2232,2232,0,1500000US261635534002
1282,1213,69,1500000US261635536001
477,477,0,1500000US261635536002
513,429,84,1500000US261635536003
529,529,0,1500000US261635538001
471,469,2,1500000US261635538002
557,557,0,1500000US261635538003
742,734,8,1500000US261635541001
1151,1124,27,1500000US261635541002
582,582,0,1500000US261635541003
1477,1427,50,1500000US261635541004
866,815,51,1500000US261635542001
517,517,0,1500000US261635542002
1437,1203,234,1500000US261635542003
425,386,39,1500000US261635542004
467,467,0,1500000US261635543001
945,945,0,1500000US261635543002
969,952,17,1500000US261635543003
800,800,0,1500000US261635543004
1514,1514,0,1500000US261635543005
802,802,0,1500000US261635544001
1118,1118,0,1500000US261635544002
538,538,0,1500000US261635544003
713,700,13,1500000US261635544004
1231,1212,19,1500000US261635545001
1494,1475,19,1500000US261635545002
986,950,36,1500000US261635546001
1241,1175,66,1500000US261635546002
436,423,13,1500000US261635546003
985,970,15,1500000US261635546004
970,956,14,1500000US261635547001
618,531,87,1500000US261635547002
1331,1262,69,1500000US261635547003
366,366,0,1500000US261635548001
759,759,0,1500000US261635548002
891,738,153,1500000US261635548003
1366,1321,45,1500000US261635548004
1371,1351,20,1500000US261635549001
571,571,0,1500000US261635549002
1656,1628,28,1500000US261635549003
602,602,0,1500000US261635551001
728,686,42,1500000US261635551002
1814,1790,24,1500000US261635551003
1398,1344,54,1500000US261635551004
1760,1580,180,1500000US261635553001
1347,1325,22,1500000US261635553002
705,700,5,1500000US261635554001
700,700,0,1500000US261635554002
979,905,74,1500000US261635554003
1711,1704,7,1500000US261635555001
1200,1200,0,1500000US261635555002
949,949,0,1500000US261635556001
1850,1566,284,1500000US261635556002
593,577,16,1500000US261635561001
733,733,0,1500000US261635561002
1029,936,93,1500000US261635561003
932,896,36,1500000US261635561004
1110,1056,54,1500000US261635562001
669,654,15,1500000US261635562002
945,932,13,1500000US261635562003
789,789,0,1500000US261635563001
923,923,0,1500000US261635563002
1604,1563,41,1500000US261635563003
1212,1202,10,1500000US261635564001
683,683,0,1500000US261635564002
2451,2443,8,1500000US261635564003
2187,2187,0,1500000US261635565001
783,783,0,1500000US261635566001
1294,1283,11,1500000US261635566002
1440,1440,0,1500000US261635566003
1040,1016,24,1500000US261635567001
1516,1468,48,1500000US261635567002
835,825,10,1500000US261635568001
927,906,21,1500000US261635568002
1104,1085,19,1500000US261635569001
1599,1576,23,1500000US261635569002
1164,1164,0,1500000US261635569003
1125,1104,21,1500000US261635570001
931,821,110,1500000US261635570002
1171,1125,46,1500000US261635570003
629,629,0,1500000US261635571001
799,799,0,1500000US261635571002
1054,1043,11,1500000US261635571003
685,649,36,1500000US261635572001
1365,1309,56,1500000US261635572002
791,736,55,1500000US261635573001
1439,1345,94,1500000US261635573002
1331,1331,0,1500000US261635574001
1813,1813,0,1500000US261635574002
1068,1068,0,1500000US261635575001
1231,1208,23,1500000US261635575002
931,931,0,1500000US261635575003
730,730,0,1500000US261635575004
1366,1356,10,1500000US261635576001
811,811,0,1500000US261635576002
610,585,25,1500000US261635576003
1037,1037,0,1500000US261635577001
1196,1196,0,1500000US261635577002
943,936,7,1500000US261635577003
1012,1004,8,1500000US261635577004
1526,1476,50,1500000US261635579001
1082,1053,29,1500000US261635579002
2118,2045,73,1500000US261635579003
1041,1036,5,1500000US261635580001
1391,1366,25,1500000US261635580002
1071,996,75,1500000US261635580003
692,692,0,1500000US261635580004
1354,1351,3,1500000US261635581001
1123,1022,101,1500000US261635581002
916,905,11,1500000US261635581003
1122,1122,0,1500000US261635582001
713,705,8,1500000US261635582002
1097,1081,16,1500000US261635582003
1567,1558,9,1500000US261635582004
919,847,72,1500000US261635583001
820,803,17,1500000US261635583002
1322,1302,20,1500000US261635584001
1187,1152,35,1500000US261635584002
1521,1504,17,1500000US261635584003
779,779,0,1500000US261635585001
776,771,5,1500000US261635585002
1517,1480,37,1500000US261635585003
889,860,29,1500000US261635585004
967,886,81,1500000US261635586001
820,795,25,1500000US261635586002
713,665,48,1500000US261635587001
875,875,0,1500000US261635587002
1050,1037,13,1500000US261635587003
1316,1242,74,1500000US261635588001
1259,1250,9,1500000US261635588002
954,909,45,1500000US261635589001
837,833,4,1500000US261635589002
695,680,15,1500000US261635590001
681,674,7,1500000US261635590002
1346,1201,145,1500000US261635590003
1737,1576,161,1500000US261635591001
684,627,57,1500000US261635591002
1154,1072,82,1500000US261635592001
988,949,39,1500000US261635592002
1233,1215,18,1500000US261635601001
991,982,9,1500000US261635601002
470,470,0,1500000US261635601003
990,913,77,1500000US261635602001
655,655,0,1500000US261635602002
2161,1936,225,1500000US261635602003
1391,1238,153,1500000US261635602004
1165,1132,33,1500000US261635603001
1486,1418,68,1500000US261635603002
667,667,0,1500000US261635603003
2594,2568,26,1500000US261635604001
1577,1550,27,1500000US261635604002
760,760,0,1500000US261635604003
441,411,30,1500000US261635604004
643,643,0,1500000US261635604005
3566,3388,178,1500000US261635612001
3393,3368,25,1500000US261635612002
6436,6380,56,1500000US261635613001
1144,1103,41,1500000US261635613002
1093,1065,28,1500000US261635616001
998,956,42,1500000US261635616002
1574,1505,69,1500000US261635616003
12,11,1,1500000US261635617001
2211,2169,42,1500000US261635617002
2844,2681,163,1500000US261635619001
2641,2641,0,1500000US261635619002
1392,1292,100,1500000US261635619003
1051,931,120,1500000US261635623001
1209,1209,0,1500000US261635623002
1251,1251,0,1500000US261635624001
1886,1886,0,1500000US261635624002
974,974,0,1500000US261635624003
1133,1133,0,1500000US261635624004
696,683,13,1500000US261635625001
1138,1120,18,1500000US261635625002
1253,1240,13,1500000US261635626001
745,745,0,1500000US261635626002
1761,1728,33,1500000US261635626003
1445,1422,23,1500000US261635627001
788,788,0,1500000US261635627002
1298,1285,13,1500000US261635627003
1212,1204,8,1500000US261635628001
1585,1562,23,1500000US261635628002
616,609,7,1500000US261635628003
1119,1089,30,1500000US261635629001
1051,1030,21,1500000US261635629002
1213,1069,144,1500000US261635629003
1487,1487,0,1500000US261635632001
1650,1598,52,1500000US261635632002
952,941,11,1500000US261635633001
1871,1826,45,1500000US261635633002
975,975,0,1500000US261635634001
699,699,0,1500000US261635634002
1583,1573,10,1500000US261635634003
1747,1736,11,1500000US261635634004
2423,2407,16,1500000US261635635001
2408,2342,66,1500000US261635635002
1145,1145,0,1500000US261635635003
1956,1930,26,1500000US261635636001
1056,1030,26,1500000US261635637001
673,669,4,1500000US261635637002
2351,2325,26,1500000US261635638001
764,748,16,1500000US261635638002
2315,2249,66,1500000US261635639001
261,246,15,1500000US261635640001
1702,1671,31,1500000US261635640002
1334,1314,20,1500000US261635641001
937,892,45,1500000US261635641002
2095,1958,137,1500000US261635641003
765,758,7,1500000US261635642001
2200,2192,8,1500000US261635642002
1167,1152,15,1500000US261635642003
1614,1537,77,1500000US261635643001
914,834,80,1500000US261635643002
4020,3977,43,1500000US261635644011
1295,1295,0,1500000US261635644012
5678,5485,193,1500000US261635644021
4979,4701,278,1500000US261635645011
1746,1727,19,1500000US261635645021
2012,1931,81,1500000US261635645022
1816,1712,104,1500000US261635645031
1654,1607,47,1500000US261635645032
7404,6900,504,1500000US261635645041
1450,1450,0,1500000US261635646001
1689,1647,42,1500000US261635646002
2982,2862,120,1500000US261635646003
2170,2098,72,1500000US261635647001
2327,2327,0,1500000US261635647002
954,886,68,1500000US261635648001
2623,2531,92,1500000US261635648002
1084,1084,0,1500000US261635648003
1904,1857,47,1500000US261635649001
1209,1190,19,1500000US261635650001
1378,1368,10,1500000US261635650002
2502,2483,19,1500000US261635650003
1149,1129,20,1500000US261635651001
2366,2231,135,1500000US261635651002
3079,2969,110,1500000US261635652001
1364,1124,240,1500000US261635652002
878,878,0,1500000US261635652003
2127,2025,102,1500000US261635653001
1703,1694,9,1500000US261635653002
2239,2239,0,1500000US261635653003
1315,1315,0,1500000US261635656001
796,793,3,1500000US261635656002
1716,1611,105,1500000US261635657001
1410,1385,25,1500000US261635657002
1245,1232,13,1500000US261635658001
1463,1406,57,1500000US261635658002
842,763,79,1500000US261635658003
1643,1609,34,1500000US261635659001
970,930,40,1500000US261635659002
506,481,25,1500000US261635664001
409,384,25,1500000US261635664002
936,936,0,1500000US261635665001
1399,1377,22,1500000US261635665002
555,555,0,1500000US261635666001
1412,1316,96,1500000US261635666002
577,480,97,1500000US261635667001
1862,1851,11,1500000US261635667002
1708,1601,107,1500000US261635667003
914,903,11,1500000US261635668001
711,677,34,1500000US261635668002
1062,939,123,1500000US261635668003
1114,1114,0,1500000US261635669001
1334,1307,27,1500000US261635669002
1158,1104,54,1500000US261635669003
1319,1292,27,1500000US261635669004
1520,1220,300,1500000US261635670001
1334,1334,0,1500000US261635670002
724,672,52,1500000US261635670003
1216,1114,102,1500000US261635671001
1458,1438,20,1500000US261635671002
888,831,57,1500000US261635671003
1625,1535,90,1500000US261635672011
1000,1000,0,1500000US261635672012
967,967,0,1500000US261635672013
1116,1116,0,1500000US261635672021
1649,1636,13,1500000US261635672022
833,820,13,1500000US261635673001
1297,1244,53,1500000US261635673002
914,893,21,1500000US261635673003
677,677,0,1500000US261635673004
684,622,62,1500000US261635673005
1236,1184,52,1500000US261635674001
1528,1528,0,1500000US261635674002
1363,1293,70,1500000US261635678001
1404,1404,0,1500000US261635678002
687,655,32,1500000US261635678003
1455,1376,79,1500000US261635678004
756,756,0,1500000US261635679001
565,534,31,1500000US261635679002
1658,1557,101,1500000US261635679003
845,773,72,1500000US261635680001
1367,1264,103,1500000US261635680002
807,796,11,1500000US261635682001
1500,1480,20,1500000US261635682002
1782,1659,123,1500000US261635682003
452,382,70,1500000US261635683001
868,859,9,1500000US261635683002
1079,1079,0,1500000US261635683003
1446,1359,87,1500000US261635683004
591,591,0,1500000US261635684001
706,633,73,1500000US261635684002
975,927,48,1500000US261635684003
1419,1367,52,1500000US261635684004
1223,1151,72,1500000US261635685001
807,798,9,1500000US261635685002
1008,921,87,1500000US261635685003
696,677,19,1500000US261635685004
1102,1045,57,1500000US261635687001
813,736,77,1500000US261635687002
585,585,0,1500000US261635687003
1094,1094,0,1500000US261635687004
590,543,47,1500000US261635688001
2548,2486,62,1500000US261635688002
1569,1431,138,1500000US261635689001
1207,1190,17,1500000US261635689002
1421,1351,70,1500000US261635691001
1062,994,68,1500000US261635691002
464,446,18,1500000US261635692001
832,730,102,1500000US261635692002
487,450,37,1500000US261635692003
675,654,21,1500000US261635692004
1657,1592,65,1500000US261635693001
1770,1564,206,1500000US261635693002
877,868,9,1500000US261635694001
447,437,10,1500000US261635694002
1319,1291,28,1500000US261635694003
1726,1719,7,1500000US261635695001
976,926,50,1500000US261635695002
550,512,38,1500000US261635696001
1092,1092,0,1500000US261635696002
881,867,14,1500000US261635696003
989,989,0,1500000US261635696004
1349,1349,0,1500000US261635697001
1298,1262,36,1500000US261635697002
698,698,0,1500000US261635697003
1229,1204,25,1500000US261635697004
834,799,35,1500000US261635698001
741,736,5,1500000US261635698002
645,597,48,1500000US261635698003
1321,1314,7,1500000US261635699001
1343,1199,144,1500000US261635699002
965,965,0,1500000US261635701001
1471,1471,0,1500000US261635701002
1875,1707,168,1500000US261635701003
731,673,58,1500000US261635702001
1107,1035,72,1500000US261635702002
775,775,0,1500000US261635702003
691,691,0,1500000US261635704001
561,561,0,1500000US261635704002
1403,1403,0,1500000US261635704003
1801,1640,161,1500000US261635704004
797,797,0,1500000US261635704005
963,938,25,1500000US261635705001
1068,994,74,1500000US261635705002
676,676,0,1500000US261635705003
575,536,39,1500000US261635705004
840,840,0,1500000US261635706001
1433,1402,31,1500000US261635706002
676,658,18,1500000US261635708001
1170,1137,33,1500000US261635708002
1125,1050,75,1500000US261635708003
494,450,44,1500000US261635709001
745,745,0,1500000US261635709002
663,635,28,1500000US261635709003
536,516,20,1500000US261635710001
478,475,3,1500000US261635710002
349,334,15,1500000US261635710003
552,533,19,1500000US261635710004
1133,1100,33,1500000US261635715001
1130,1103,27,1500000US261635715002
1001,1001,0,1500000US261635715003
1437,1418,19,1500000US261635715004
1842,1814,28,1500000US261635716001
1137,1121,16,1500000US261635717001
1259,1179,80,1500000US261635717002
774,761,13,1500000US261635718001
1143,956,187,1500000US261635718002
966,871,95,1500000US261635718003
845,818,27,1500000US261635719001
667,636,31,1500000US261635719002
1223,1187,36,1500000US261635719003
1408,1369,39,1500000US261635720001
631,626,5,1500000US261635720002
1557,1546,11,1500000US261635721001
1327,1326,1,1500000US261635721002
598,598,0,1500000US261635721003
1058,1058,0,1500000US261635721004
1302,1286,16,1500000US261635721005
349,302,47,1500000US261635722001
1063,1063,0,1500000US261635722002
1328,1328,0,1500000US261635722003
1601,1495,106,1500000US261635722004
1805,1793,12,1500000US261635722005
812,811,1,1500000US261635724001
595,586,9,1500000US261635724002
1003,945,58,1500000US261635725001
854,842,12,1500000US261635725002
793,762,31,1500000US261635726001
1239,1225,14,1500000US261635726002
621,566,55,1500000US261635726003
942,731,211,1500000US261635726004
1389,1238,151,1500000US261635726005
1228,1032,196,1500000US261635727001
1144,1093,51,1500000US261635727002
673,626,47,1500000US261635727003
1222,1073,149,1500000US261635727004
1008,746,262,1500000US261635728001
1078,930,148,1500000US261635728002
794,766,28,1500000US261635728003
687,687,0,1500000US261635728004
697,697,0,1500000US261635728005
770,770,0,1500000US261635728006
944,894,50,1500000US261635729001
702,677,25,1500000US261635729002
915,915,0,1500000US261635729003
1420,1380,40,1500000US261635730001
1665,1665,0,1500000US261635730002
2034,1902,132,1500000US261635731001
2044,2044,0,1500000US261635731002
1804,1674,130,1500000US261635733001
2425,2420,5,1500000US261635733002
503,497,6,1500000US261635734001
763,763,0,1500000US261635734002
1289,1289,0,1500000US261635734003
1061,1061,0,1500000US261635734004
2034,2028,6,1500000US261635735001
2421,2421,0,1500000US261635735002
1353,1353,0,1500000US261635736001
1189,1142,47,1500000US261635736002
958,924,34,1500000US261635736003
1024,1008,16,1500000US261635736004
1035,1035,0,1500000US261635736005
614,582,32,1500000US261635736006
989,959,30,1500000US261635737011
901,901,0,1500000US261635737012
1771,1763,8,1500000US261635737021
1506,1489,17,1500000US261635737022
996,996,0,1500000US261635737023
1831,1831,0,1500000US261635737024
538,537,1,1500000US261635737025
1432,1432,0,1500000US261635738001
1062,1038,24,1500000US261635738002
825,818,7,1500000US261635738003
1911,1878,33,1500000US261635738004
2390,2326,64,1500000US261635739001
2862,2862,0,1500000US261635739002
760,760,0,1500000US261635740001
1891,1862,29,1500000US261635740002
1224,1184,40,1500000US261635740003
2004,2004,0,1500000US261635740004
1308,1308,0,1500000US261635741001
1486,1475,11,1500000US261635741002
674,665,9,1500000US261635741003
931,931,0,1500000US261635741004
1298,1275,23,1500000US261635742021
1650,1566,84,1500000US261635742022
26,26,0,1500000US261635743001
2131,2054,77,1500000US261635743002
1244,1223,21,1500000US261635743003
912,848,64,1500000US261635746001
756,756,0,1500000US261635746002
424,356,68,1500000US261635746003
721,721,0,1500000US261635746004
614,572,42,1500000US261635746005
438,364,74,1500000US261635746006
546,515,31,1500000US261635746007
1493,1407,86,1500000US261635747001
513,502,11,1500000US261635747002
1262,1197,65,1500000US261635747003
505,505,0,1500000US261635747004
961,850,111,1500000US261635747005
558,558,0,1500000US261635748001
706,706,0,1500000US261635748002
332,324,8,1500000US261635748003
930,846,84,1500000US261635748004
1289,1289,0,1500000US261635748005
535,521,14,1500000US261635749001
1065,1019,46,1500000US261635749002
879,734,145,1500000US261635750001
1097,1083,14,1500000US261635750002
748,733,15,1500000US261635750003
1050,996,54,1500000US261635750004
514,485,29,1500000US261635751001
791,674,117,1500000US261635751002
958,884,74,1500000US261635751003
610,594,16,1500000US261635752001
1244,1215,29,1500000US261635752002
786,753,33,1500000US261635752003
1089,1035,54,1500000US261635752004
990,965,25,1500000US261635753001
572,563,9,1500000US261635753002
748,740,8,1500000US261635753003
517,465,52,1500000US261635753004
465,438,27,1500000US261635753005
510,460,50,1500000US261635754001
714,694,20,1500000US261635754002
664,664,0,1500000US261635754003
1088,972,116,1500000US261635754004
645,618,27,1500000US261635755001
1085,1004,81,1500000US261635755002
928,900,28,1500000US261635755003
769,746,23,1500000US261635755004
1082,999,83,1500000US261635756001
542,455,87,1500000US261635756002
1055,936,119,1500000US261635760001
823,751,72,1500000US261635760002
1305,1135,170,1500000US261635761001
2262,2030,232,1500000US261635761002
919,546,373,1500000US261635761003
1141,928,213,1500000US261635761004
443,390,53,1500000US261635761005
602,549,53,1500000US261635762001
854,788,66,1500000US261635762002
765,729,36,1500000US261635762003
759,738,21,1500000US261635763001
902,890,12,1500000US261635763002
824,740,84,1500000US261635763003
1421,1290,131,1500000US261635764001
743,667,76,1500000US261635764002
1377,1266,111,1500000US261635764003
878,798,80,1500000US261635765001
775,730,45,1500000US261635765002
630,630,0,1500000US261635765003
734,647,87,1500000US261635765004
767,721,46,1500000US261635765005
535,403,132,1500000US261635766001
1343,1226,117,1500000US261635766002
1591,1453,138,1500000US261635766003
535,526,9,1500000US261635766004
916,850,66,1500000US261635767001
1301,1213,88,1500000US261635767002
1016,914,102,1500000US261635767003
846,545,301,1500000US261635770001
456,286,170,1500000US261635770002
1192,660,532,1500000US261635770003
561,499,62,1500000US261635770004
706,543,163,1500000US261635770005
675,502,173,1500000US261635771001
466,466,0,1500000US261635771002
798,575,223,1500000US261635771003
489,284,205,1500000US261635771004
1037,897,140,1500000US261635772001
1033,719,314,1500000US261635772002
1227,717,510,1500000US261635772003
885,739,146,1500000US261635773001
745,607,138,1500000US261635773002
921,664,257,1500000US261635773003
608,458,150,1500000US261635773004
745,541,204,1500000US261635774001
478,471,7,1500000US261635774002
723,613,110,1500000US261635774003
744,648,96,1500000US261635774004
858,485,373,1500000US261635774005
913,723,190,1500000US261635775001
364,118,246,1500000US261635775002
770,609,161,1500000US261635775003
1010,725,285,1500000US261635775004
637,622,15,1500000US261635776001
1088,981,107,1500000US261635776002
848,660,188,1500000US261635776003
874,653,221,1500000US261635776004
1256,949,307,1500000US261635777001
1135,970,165,1500000US261635777002
800,357,443,1500000US261635778001
882,857,25,1500000US261635778002
951,791,160,1500000US261635778003
1059,984,75,1500000US261635778004
1065,788,277,1500000US261635778005
643,496,147,1500000US261635779001
999,937,62,1500000US261635779002
1421,1261,160,1500000US261635779003
404,381,23,1500000US261635779004
858,749,109,1500000US261635779005
935,848,87,1500000US261635780001
1064,921,143,1500000US261635780002
528,458,70,1500000US261635780003
777,777,0,1500000US261635785001
1834,1404,430,1500000US261635785002
758,630,128,1500000US261635785003
970,847,123,1500000US261635785004
763,526,237,1500000US261635785005
1290,898,392,1500000US261635786001
1975,1641,334,1500000US261635786002
1981,1159,822,1500000US261635786003
832,675,157,1500000US261635791001
738,671,67,1500000US261635791002
751,579,172,1500000US261635792001
1525,736,789,1500000US261635792002
564,468,96,1500000US261635792003
696,661,35,1500000US261635792004
553,553,0,1500000US261635793001
1843,1824,19,1500000US261635793002
328,319,9,1500000US261635795001
1423,936,487,1500000US261635795002
270,270,0,1500000US261635796001
688,688,0,1500000US261635796002
699,651,48,1500000US261635796003
1082,1082,0,1500000US261635796004
1007,488,519,1500000US261635797001
1289,894,395,1500000US261635797002
766,701,65,1500000US261635797003
932,785,147,1500000US261635798001
948,858,90,1500000US261635798002
1839,1777,62,1500000US261635799001
629,629,0,1500000US261635799002
1159,1142,17,1500000US261635799003
1315,1290,25,1500000US261635799004
730,671,59,1500000US261635801001
630,595,35,1500000US261635801002
650,605,45,1500000US261635801003
684,648,36,1500000US261635802001
789,729,60,1500000US261635802002
502,502,0,1500000US261635802003
913,835,78,1500000US261635802004
946,934,12,1500000US261635803001
960,886,74,1500000US261635803002
991,984,7,1500000US261635803003
1412,1412,0,1500000US261635804001
1191,1185,6,1500000US261635804002
845,796,49,1500000US261635805001
878,818,60,1500000US261635805002
1080,1080,0,1500000US261635805003
739,739,0,1500000US261635806001
1113,980,133,1500000US261635806002
1000,898,102,1500000US261635806003
644,581,63,1500000US261635807001
685,667,18,1500000US261635807002
562,555,7,1500000US261635807003
997,916,81,1500000US261635807004
880,879,1,1500000US261635807005
561,540,21,1500000US261635808001
894,859,35,1500000US261635808002
840,832,8,1500000US261635809001
1333,1253,80,1500000US261635809002
747,686,61,1500000US261635809003
848,798,50,1500000US261635809004
729,728,1,1500000US261635811001
2165,1944,221,1500000US261635811002
853,759,94,1500000US261635811003
1522,1330,192,1500000US261635812001
1825,1825,0,1500000US261635812002
1058,1035,23,1500000US261635815001
1171,1084,87,1500000US261635815002
1380,1313,67,1500000US261635816001
1105,947,158,1500000US261635816002
1637,1369,268,1500000US261635816003
1856,1794,62,1500000US261635816004
543,478,65,1500000US261635818001
1293,1236,57,1500000US261635818002
894,864,30,1500000US261635818003
539,515,24,1500000US261635819001
623,463,160,1500000US261635819002
704,538,166,1500000US261635819003
652,625,27,1500000US261635819004
1442,1442,0,1500000US261635819005
728,686,42,1500000US261635820001
779,764,15,1500000US261635820002
1728,1434,294,1500000US261635820003
786,639,147,1500000US261635821001
764,712,52,1500000US261635821002
567,547,20,1500000US261635821003
804,707,97,1500000US261635821004
1018,943,75,1500000US261635821005
449,370,79,1500000US261635830001
787,700,87,1500000US261635830002
1390,1378,12,1500000US261635830003
768,750,18,1500000US261635831001
675,666,9,1500000US261635831002
406,375,31,1500000US261635831003
986,811,175,1500000US261635831004
680,680,0,1500000US261635831005
653,623,30,1500000US261635832001
796,796,0,1500000US261635832002
796,755,41,1500000US261635832003
1314,1093,221,1500000US261635833001
1348,1284,64,1500000US261635833002
838,644,194,1500000US261635834001
856,856,0,1500000US261635834002
757,740,17,1500000US261635834003
1786,1604,182,1500000US261635834004
894,802,92,1500000US261635834005
901,800,101,1500000US261635835001
785,775,10,1500000US261635835002
938,881,57,1500000US261635835003
918,917,1,1500000US261635836001
382,376,6,1500000US261635836002
1312,1238,74,1500000US261635836003
531,500,31,1500000US261635837001
747,573,174,1500000US261635837002
951,944,7,1500000US261635837003
1383,1305,78,1500000US261635837004
1167,1095,72,1500000US261635838001
1165,1120,45,1500000US261635838002
2544,2387,157,1500000US261635838003
1465,1423,42,1500000US261635839001
890,873,17,1500000US261635839002
1599,1575,24,1500000US261635839003
2648,2541,107,1500000US261635840001
770,764,6,1500000US261635840002
941,936,5,1500000US261635840003
696,692,4,1500000US261635841001
901,858,43,1500000US261635841002
1738,1639,99,1500000US261635842001
1982,1912,70,1500000US261635842002
922,880,42,1500000US261635843001
949,915,34,1500000US261635843002
1038,1029,9,1500000US261635844001
2073,1961,112,1500000US261635844002
1589,1524,65,1500000US261635845001
1073,1043,30,1500000US261635845002
1107,837,270,1500000US261635846001
809,779,30,1500000US261635846002
1199,1162,37,1500000US261635847001
989,915,74,1500000US261635847002
1211,1211,0,1500000US261635848001
1801,1801,0,1500000US261635848002
1655,1641,14,1500000US261635848003
1431,1295,136,1500000US261635848004
1219,1124,95,1500000US261635855001
511,507,4,1500000US261635855002
2573,2494,79,1500000US261635856001
1091,1091,0,1500000US261635856002
875,776,99,1500000US261635857001
839,820,19,1500000US261635857002
2902,2877,25,1500000US261635858001
1356,1345,11,1500000US261635858002
439,411,28,1500000US261635859001
409,409,0,1500000US261635859002
1211,1206,5,1500000US261635859003
861,848,13,1500000US261635859004
1126,1116,10,1500000US261635862001
3379,3241,138,1500000US261635862002
1330,1330,0,1500000US261635862003
1288,1288,0,1500000US261635862004
1201,1183,18,1500000US261635863001
897,878,19,1500000US261635863002
1366,1323,43,1500000US261635870001
927,901,26,1500000US261635870002
1596,1589,7,1500000US261635870003
2441,2441,0,1500000US261635879001
1845,1764,81,1500000US261635879002
1880,1880,0,1500000US261635879003
1098,1098,0,1500000US261635880001
2779,2613,166,1500000US261635880002
2045,1944,101,1500000US261635880003
1252,1204,48,1500000US261635881001
1113,994,119,1500000US261635881002
1951,1890,61,1500000US261635882001
1411,1353,58,1500000US261635882002
736,736,0,1500000US261635883001
1697,1528,169,1500000US261635883002
2717,2680,37,1500000US261635883003
3590,3448,142,1500000US261635884001
951,907,44,1500000US261635884002
829,755,74,1500000US261635884003
1590,1562,28,1500000US261635893001
919,896,23,1500000US261635893002
924,924,0,1500000US261635893003
535,535,0,1500000US261635893004
1010,997,13,1500000US261635894001
487,487,0,1500000US261635894002
1664,1664,0,1500000US261635894003
1439,1425,14,1500000US261635894004
786,769,17,1500000US261635894005
2584,2470,114,1500000US261635904001
1658,1570,88,1500000US261635904002
2998,2845,153,1500000US261635904003
1639,1633,6,1500000US261635905001
1719,1642,77,1500000US261635905002
1780,1780,0,1500000US261635905003
1188,1188,0,1500000US261635905004
1442,1413,29,1500000US261635906001
959,897,62,1500000US261635906002
2191,2190,1,1500000US261635915011
1168,1051,117,1500000US261635915012
3292,3242,50,1500000US261635915021
830,830,0,1500000US261635916001
1440,1274,166,1500000US261635916002
1750,1736,14,1500000US261635917001
868,602,266,1500000US261635917002
4091,3946,145,1500000US261635917003
1562,1516,46,1500000US261635918001
2454,1917,537,1500000US261635918002
1806,1770,36,1500000US261635918003
1799,1492,307,1500000US261635919001
1678,1678,0,1500000US261635919002
1146,1140,6,1500000US261635919003
1021,988,33,1500000US261635919004
1077,1077,0,1500000US261635920001
3415,3229,186,1500000US261635920002
1917,1713,204,1500000US261635930001
2164,2043,121,1500000US261635930002
1408,1320,88,1500000US261635930003
2466,2372,94,1500000US261635932001
1214,1134,80,1500000US261635932002
1538,1395,143,1500000US261635933001
1811,1674,137,1500000US261635933002
725,693,32,1500000US261635940001
880,840,40,1500000US261635940002
905,863,42,1500000US261635940003
1362,1331,31,1500000US261635941001
1011,881,130,1500000US261635941002
659,651,8,1500000US261635941003
1155,1091,64,1500000US261635941004
922,922,0,1500000US261635942001
484,484,0,1500000US261635942002
1070,1032,38,1500000US261635942003
1083,982,101,1500000US261635943001
922,918,4,1500000US261635943002
1016,894,122,1500000US261635943003
2106,2005,101,1500000US261635944001
667,611,56,1500000US261635944002
1555,1555,0,1500000US261635945001
1773,1718,55,1500000US261635945002
698,507,191,1500000US261635950001
1020,1020,0,1500000US261635950002
610,610,0,1500000US261635950003
951,944,7,1500000US261635950004
576,566,10,1500000US261635950005
1799,1667,132,1500000US261635951001
1797,1757,40,1500000US261635951002
743,666,77,1500000US261635951003
1130,1000,130,1500000US261635951004
821,763,58,1500000US261635952001
981,932,49,1500000US261635952002
1011,1011,0,1500000US261635952003
545,529,16,1500000US261635961001
959,952,7,1500000US261635961002
1376,1365,11,1500000US261635961003
607,600,7,1500000US261635961004
1350,1277,73,1500000US261635962001
1097,1057,40,1500000US261635962002
1550,1550,0,1500000US261635962003
1752,1699,53,1500000US261635963001
923,923,0,1500000US261635963002
1419,1392,27,1500000US261635970001
813,813,0,1500000US261635970002
2303,1963,340,1500000US261635970003
810,810,0,1500000US261635980001
831,802,29,1500000US261635980002
1037,1027,10,1500000US261635980003
508,508,0,1500000US261635980004
1379,1272,107,1500000US261635990001
2592,2353,239,1500000US261635990002
1704,1564,140,1500000US261635990003
615,600,15,1500000US261635991001
1112,969,143,1500000US261635991002
419,382,37,1500000US261635991003
2146,1943,203,1500000US261635991004
0,0,0,1500000US261639850001
200,191,9,1500000US261639851001
0,0,0,1500000US261639852001
233,201,32,1500000US261639853001
20,20,0,1500000US261639854001
0,0,0,1500000US261639855001
0,0,0,1500000US261639856001
0,0,0,1500000US261639857001
0,0,0,1500000US261639859001
0,0,0,1500000US261639901000
0,0,0,1500000US261639902000
