Median age,Median age - Male,Median age - Female,id
40,37.7,40.4,1500000US261635001001
31.4,27.2,36.4,1500000US261635001002
31.5,31.3,48.7,1500000US261635001003
27.8,27.3,28.6,1500000US261635001004
28.8,28.7,29.1,1500000US261635002001
30.7,30.4,33.4,1500000US261635002002
29.7,30.1,28,1500000US261635002003
31.9,27.4,36.8,1500000US261635002004
25.8,26.8,25.5,1500000US261635003001
28.2,32.6,25.8,1500000US261635003002
29.1,30.4,22.7,1500000US261635003003
34,40.2,33.3,1500000US261635003004
30.1,31.7,29.8,1500000US261635004001
37.5,45,37,1500000US261635004002
29.7,31.8,29.4,1500000US261635004003
32,36.2,30.6,1500000US261635004004
30.3,30.2,30.5,1500000US261635005001
24.1,23.1,24.8,1500000US261635005002
28,27.2,36.2,1500000US261635005003
58.4,45.9,59.7,1500000US261635005004
30.2,32.2,28.7,1500000US261635006001
25.9,38.7,25.4,1500000US261635006002
29,25.5,29,1500000US261635006003
29.7,39.3,29.5,1500000US261635006004
18.4,11.9,24.9,1500000US261635006005
21.4,13.3,27,1500000US261635007001
28.5,18.5,31.3,1500000US261635007002
31.3,29.7,37.7,1500000US261635007003
33.5,33.9,30.8,1500000US261635007004
29.8,23.1,34.5,1500000US261635008001
29.1,26,33.4,1500000US261635008002
32.8,33.4,32.3,1500000US261635009001
40.4,32.7,40.9,1500000US261635009002
41.1,34.6,42.7,1500000US261635009003
37.7,37.2,41.4,1500000US261635009004
38.3,33.8,46.3,1500000US261635010001
51,52.3,50.4,1500000US261635010002
22.5,25.4,20.5,1500000US261635010003
43.1,48.5,43.1,1500000US261635011001
43.6,38.5,44.6,1500000US261635011002
46.4,46.5,46.2,1500000US261635011003
27.7,26.4,31.7,1500000US261635011004
22.1,17.7,38.1,1500000US261635011005
27.3,26.5,29,1500000US261635012001
36.1,41.5,34.7,1500000US261635012002
34.7,35.6,34.5,1500000US261635013001
50.4,43.9,50.4,1500000US261635013002
29.2,37.3,29.1,1500000US261635013003
49,43.8,81.1,1500000US261635013004
24.8,23.4,31.4,1500000US261635013005
41.8,36.5,43.9,1500000US261635014001
36.1,31.6,36.5,1500000US261635014002
36.3,26.9,37.9,1500000US261635014003
23.9,12.9,43.5,1500000US261635014004
37.4,41.5,26.5,1500000US261635015001
17.3,13.1,17.6,1500000US261635015002
39.6,39.5,41.1,1500000US261635015003
27.7,36.5,25.2,1500000US261635015004
27.5,20.6,28.4,1500000US261635015005
26.7,26.3,26.9,1500000US261635016001
26.6,23.5,28.3,1500000US261635016002
46.8,50,46.2,1500000US261635017001
51.9,45.7,55.8,1500000US261635017002
32.5,32.5,33.1,1500000US261635018001
43.5,37.5,50,1500000US261635018002
36.5,35.3,49.2,1500000US261635018003
45.7,45.5,47,1500000US261635018004
27.6,16.1,29.9,1500000US261635019001
31.9,26.8,49,1500000US261635019002
47.6,42.5,50.1,1500000US261635019003
23.1,27.4,18.4,1500000US261635019004
23.8,19.7,27.9,1500000US261635020001
30.9,33.1,30.3,1500000US261635020002
28.5,27.5,32.5,1500000US261635031001
31.7,35.8,26.2,1500000US261635031002
29.3,37.3,27.2,1500000US261635031003
26.4,33.7,25.5,1500000US261635032001
24.9,18.4,33.2,1500000US261635032002
29.6,24.8,30.6,1500000US261635032003
37.5,31.8,46,1500000US261635033001
29.5,35,28.9,1500000US261635033002
28.1,31.6,27.6,1500000US261635033003
26.3,25.6,26.6,1500000US261635033004
32.5,32.8,30.9,1500000US261635034001
44.7,44.6,44.8,1500000US261635034002
23.6,23.5,24,1500000US261635035001
30.3,30.8,16.9,1500000US261635035002
27.5,27.3,29.6,1500000US261635035003
25.9,10.2,33.1,1500000US261635035004
23.7,51.6,20.9,1500000US261635035005
37.5,39.1,33.8,1500000US261635036001
40.6,40.9,34.8,1500000US261635036002
30.9,34.2,30.6,1500000US261635036003
41.4,38.6,41.6,1500000US261635039001
28.2,26.9,34.5,1500000US261635039002
38.9,37.2,43.5,1500000US261635039003
31.1,31.3,30.8,1500000US261635040001
41.6,51.1,29.8,1500000US261635040002
33.2,29.6,33.5,1500000US261635041001
41.8,54.4,32.9,1500000US261635041002
28.5,27.5,30.7,1500000US261635041003
47.8,27.6,54.2,1500000US261635042001
22.4,20,27.9,1500000US261635042002
29.1,29.7,28.3,1500000US261635042003
53.3,57.6,38.5,1500000US261635042004
34,31.8,35.8,1500000US261635043001
42.2,44.7,29.4,1500000US261635043002
37.7,27.6,47.6,1500000US261635043003
34.8,41.4,28,1500000US261635044001
44.1,39.4,49.5,1500000US261635044002
21.8,17.5,24.8,1500000US261635044003
45.4,25.9,51.3,1500000US261635047001
37.5,34.3,38.7,1500000US261635047002
43.2,43.4,33.2,1500000US261635047003
55.1,55.1,57,1500000US261635048001
31.1,31.5,26,1500000US261635048002
28.8,42.6,20.3,1500000US261635049001
25.6,20.6,34.3,1500000US261635049002
30.9,28,33.4,1500000US261635049003
27.5,27.7,26.8,1500000US261635049004
32.3,49.2,25.2,1500000US261635050001
24.3,23.4,24.7,1500000US261635050002
29.6,35.1,26,1500000US261635051001
43.7,43.7,43.8,1500000US261635051002
36.3,36.7,33.5,1500000US261635051003
32.4,-,28.7,1500000US261635051004
43.3,39.7,44.8,1500000US261635051005
30.6,31.1,30.5,1500000US261635052001
38.3,59.3,29.6,1500000US261635052002
42.3,43.6,35.6,1500000US261635052003
33.1,27.6,34,1500000US261635052004
28,27.5,28.7,1500000US261635054001
28.1,25.5,33.1,1500000US261635054002
29.9,29.8,33.1,1500000US261635054003
36.1,35.5,37,1500000US261635054004
41.9,42,39.9,1500000US261635055001
38.9,34,50.2,1500000US261635055002
28.4,18.6,38.1,1500000US261635061001
29.8,29.3,30.3,1500000US261635061002
27.1,25,27.8,1500000US261635062001
43.8,30.9,50.4,1500000US261635062002
38.5,48.3,34.8,1500000US261635063001
39.2,33.4,44,1500000US261635063002
46.8,42.5,54.1,1500000US261635063003
33,38.6,32.7,1500000US261635064001
24.9,32.2,24.7,1500000US261635064002
38,38,33.5,1500000US261635064003
31.3,26.9,53.2,1500000US261635065001
38.4,32.8,41.9,1500000US261635065002
30.7,30.7,30.7,1500000US261635065003
39.2,27.5,41.9,1500000US261635066001
34,31.7,34.3,1500000US261635066002
62.4,36.3,75.4,1500000US261635066003
21,18.5,37.2,1500000US261635066004
38.6,40.9,35.3,1500000US261635067001
43.7,50.8,41.6,1500000US261635068001
31.1,33.9,29.5,1500000US261635068002
42.8,41.1,47.3,1500000US261635068003
43.9,61,38.8,1500000US261635068004
28,27.4,35.9,1500000US261635069001
30.7,26.1,34.5,1500000US261635069002
41,27,54.6,1500000US261635069003
28,34.6,26.3,1500000US261635069004
41.1,36.9,43.9,1500000US261635069005
31.5,31.1,31.9,1500000US261635070001
26.9,26.6,32.3,1500000US261635070002
34.1,25.4,34.8,1500000US261635070003
50.7,42.8,53.4,1500000US261635071001
34.8,27.3,38.3,1500000US261635071002
29.8,29.2,61.2,1500000US261635071003
44.6,42.2,55.1,1500000US261635071004
42.4,56.1,36.7,1500000US261635072001
45.1,28.8,46.8,1500000US261635072002
38.5,24.6,49.3,1500000US261635073001
56,39.6,60.1,1500000US261635073002
43.3,23.8,50.3,1500000US261635073003
46.1,47,45.2,1500000US261635074001
46.7,38.1,47.9,1500000US261635074002
49.3,49.4,31,1500000US261635074003
29.3,59.4,29,1500000US261635074004
47.9,53.5,46.4,1500000US261635075001
39.7,31.8,40.6,1500000US261635075002
41.1,40.7,52.6,1500000US261635075003
41.1,21.4,44.7,1500000US261635078001
36.7,36.7,-,1500000US261635078002
35.7,35.5,37.6,1500000US261635079001
59.3,52.6,62,1500000US261635079002
28.9,26.1,38.9,1500000US261635079003
56.3,59.2,56,1500000US261635079004
23.9,43.8,20.6,1500000US261635080001
33.7,35.2,33.5,1500000US261635080002
53.5,53.8,49.9,1500000US261635081001
18.7,24.4,15.2,1500000US261635081002
40,42.3,31.3,1500000US261635081003
28.6,28.4,28.7,1500000US261635081004
33.4,31.3,54.6,1500000US261635081005
42.7,50.6,24.6,1500000US261635104001
48.8,48.9,-,1500000US261635104002
40.9,58.1,40.6,1500000US261635104003
32.7,36.7,17.8,1500000US261635105001
26,28.4,24.3,1500000US261635105002
23.5,16.5,34.9,1500000US261635105003
26.8,27.7,25.5,1500000US261635105004
28.1,28.1,26.9,1500000US261635106001
28.1,25.7,29.4,1500000US261635106002
25.4,23,25.8,1500000US261635106003
27.1,34.6,15.6,1500000US261635107001
24.9,25.8,22.3,1500000US261635107002
63.2,63.3,56.9,1500000US261635110001
30.7,17.2,40.6,1500000US261635110002
28.3,25.8,31.1,1500000US261635110003
33,36.3,32.4,1500000US261635110004
46.6,49.6,42.5,1500000US261635112001
30.5,19.5,30.6,1500000US261635112002
28.5,29.2,26.4,1500000US261635113001
28.5,28.8,25.1,1500000US261635113002
28.3,21.2,29.5,1500000US261635113003
24.6,23.8,24.8,1500000US261635114001
41.2,41.8,39.5,1500000US261635114002
36.8,37,31.9,1500000US261635114003
62.2,62.7,52.9,1500000US261635114004
52.2,60,44,1500000US261635114005
54.7,55.8,47.7,1500000US261635119001
29,27.2,29.7,1500000US261635119002
25.4,25.1,42.2,1500000US261635121001
37.7,29.5,40.3,1500000US261635121002
38.4,38.7,31.8,1500000US261635121003
35.5,30.1,62.1,1500000US261635121004
43.7,43.5,53.7,1500000US261635121005
24.6,18.2,30.9,1500000US261635122001
47.9,48.8,42.2,1500000US261635122002
39.8,38.2,49.5,1500000US261635123001
44,51.9,29.6,1500000US261635123002
43.6,40.3,47.3,1500000US261635124001
52.6,43.7,65.3,1500000US261635124002
33.9,35.3,33.4,1500000US261635124003
46,47.1,44.7,1500000US261635126001
25.2,17.3,25.5,1500000US261635126002
51.9,50.7,57.7,1500000US261635126003
51.1,45.3,52.1,1500000US261635126004
45,46.9,29.6,1500000US261635129001
24.5,10.2,27.6,1500000US261635129002
39.5,48.1,39.4,1500000US261635129003
35.4,36.8,34.3,1500000US261635132001
36.4,35.3,46.7,1500000US261635132002
41.3,21.4,51.3,1500000US261635132003
51,49,53.4,1500000US261635133001
44.4,43.1,50.1,1500000US261635133002
34.7,45.2,34.2,1500000US261635136001
33.8,43.3,28.6,1500000US261635136002
33.7,28.7,42.4,1500000US261635137001
57.4,61.7,55,1500000US261635137002
33.8,28.6,45.5,1500000US261635137003
7.1,7.3,6.8,1500000US261635139001
43.1,45.1,43.1,1500000US261635139002
48.1,48.2,46.8,1500000US261635139003
34.3,34.8,31.5,1500000US261635141001
28.8,35.1,27.5,1500000US261635141002
33.7,41.5,32.6,1500000US261635141003
25.1,25,25.2,1500000US261635141004
47.2,39.7,47.8,1500000US261635142001
53.2,48.8,55.4,1500000US261635142002
59.3,60.3,58.9,1500000US261635142003
59.1,38.4,59.7,1500000US261635142004
24.7,20,24.7,1500000US261635142005
51.6,50.7,52.4,1500000US261635143001
37.9,20.6,51.6,1500000US261635143002
39,41.3,33.7,1500000US261635143003
27.6,30.1,27.1,1500000US261635145001
46.9,50.7,46.1,1500000US261635145002
49.6,45.3,55.3,1500000US261635152001
48.7,51.8,37.3,1500000US261635152002
38.5,38.7,38.3,1500000US261635153001
57.8,60.9,57.1,1500000US261635153002
42.7,38.3,52.7,1500000US261635153003
41.8,37.4,45,1500000US261635154001
32.9,30.1,41.5,1500000US261635154002
42,43.2,40.9,1500000US261635156001
36.4,38.7,32.5,1500000US261635156002
62,59.3,62.8,1500000US261635157001
53.6,53.6,51,1500000US261635157002
44.4,40,44.5,1500000US261635159001
33.6,32.5,39.2,1500000US261635159002
44.6,55.9,22.9,1500000US261635159003
31.9,28.4,34.6,1500000US261635160001
41.1,23.9,41.3,1500000US261635160002
35.7,35,37.1,1500000US261635160003
46,53.1,45.7,1500000US261635160004
49.3,52.4,28.1,1500000US261635161001
43.3,26.4,53.1,1500000US261635161002
46.6,48.1,26.6,1500000US261635162001
26.3,27.5,24.7,1500000US261635162002
54.3,54.7,52,1500000US261635163001
41.5,42.2,33.9,1500000US261635164001
59.2,30.9,61.8,1500000US261635164002
36.8,37.6,34.2,1500000US261635165001
13.3,7.1,20,1500000US261635166001
49.4,53.1,46.6,1500000US261635166002
41.1,35.4,41.5,1500000US261635167001
59.1,45.3,61.6,1500000US261635167002
51.4,51.9,51.2,1500000US261635168001
28.9,28.9,27,1500000US261635168002
63.1,53.4,67.4,1500000US261635169001
34,33,39.4,1500000US261635170001
46.7,46.6,46.8,1500000US261635171001
31.2,32.2,30.8,1500000US261635172001
30.7,30.5,31.3,1500000US261635172002
30.7,33.2,29.6,1500000US261635173001
26.1,12.6,32.2,1500000US261635173002
47.1,45.8,58,1500000US261635175001
36.9,36.5,39.7,1500000US261635175002
34.5,28.5,55,1500000US261635175003
27.5,27.3,27.8,1500000US261635180001
45.9,44.3,46.8,1500000US261635180002
57.3,57.9,52.6,1500000US261635184001
41.6,40.3,65.2,1500000US261635184002
59.3,54.5,66.1,1500000US261635185001
46.3,47.9,38.4,1500000US261635185002
56,54.1,62.7,1500000US261635186001
60.4,54.4,61.4,1500000US261635186002
61.1,52.7,61.7,1500000US261635188001
30.8,46,30.1,1500000US261635188002
32.6,29.5,38.9,1500000US261635189001
25.2,27,22.7,1500000US261635202001
19.1,19.6,18.9,1500000US261635202002
25.5,26.2,24.9,1500000US261635203001
32.5,34.2,26.3,1500000US261635203002
27.7,25.6,28.4,1500000US261635204001
28.2,30.8,26,1500000US261635207001
31.3,30.4,32.9,1500000US261635207002
45.6,36.4,48.9,1500000US261635208001
49.4,52.9,45.6,1500000US261635211001
32.5,32.8,31.7,1500000US261635211002
38.2,35.4,42.4,1500000US261635213001
30.7,33.8,29.7,1500000US261635214001
55.6,58.3,39.5,1500000US261635215001
24.2,22.6,26.8,1500000US261635215002
43.8,42.7,44.5,1500000US261635218001
28.7,28.9,28.4,1500000US261635219001
26.8,13.8,33.5,1500000US261635219002
33.5,27.4,47.8,1500000US261635219003
32.7,34.4,31.5,1500000US261635220001
62.6,63.1,62.5,1500000US261635221001
39.2,39.1,44.1,1500000US261635221002
43.5,48.5,40.8,1500000US261635222001
53.1,51,61.6,1500000US261635222002
41.2,41.4,37.9,1500000US261635223001
33.4,28.2,39.1,1500000US261635223002
35.6,53.7,35.5,1500000US261635224001
27.1,25.3,27.6,1500000US261635224002
29.2,27.7,29.3,1500000US261635225001
59.1,60.3,49.6,1500000US261635225002
47,46.8,47.2,1500000US261635225003
30.2,26.4,33.7,1500000US261635231001
31.7,32.6,28.3,1500000US261635232001
26.5,20,28.9,1500000US261635232002
31.2,20.7,40.1,1500000US261635233001
23.2,28.3,17.5,1500000US261635233002
25.9,25.8,25.9,1500000US261635233003
51.9,52.5,51.5,1500000US261635234001
41.3,45,37,1500000US261635234002
29.7,30.3,29.4,1500000US261635238001
31.7,37.3,17.2,1500000US261635238002
27.9,29.1,21.9,1500000US261635238003
27.2,29.4,21.2,1500000US261635238004
25,24.1,30.2,1500000US261635240001
39.3,39.1,45.7,1500000US261635240002
30.3,28.3,31.9,1500000US261635240003
34.1,32.8,34.7,1500000US261635241001
21.3,16.8,26.5,1500000US261635241002
44.6,49.4,31,1500000US261635241003
25.9,20.2,31.1,1500000US261635241004
17.6,19.2,17.6,1500000US261635242001
32.4,32.6,32.2,1500000US261635242002
22.2,19.8,33.5,1500000US261635242003
26.7,34.5,26.6,1500000US261635242004
22.6,25.1,19.1,1500000US261635242005
25.2,25.1,25.6,1500000US261635242006
38.5,37.6,40.9,1500000US261635243001
24.4,19.9,24.7,1500000US261635243002
25.1,28,20.5,1500000US261635243003
62.3,55.5,62.6,1500000US261635245001
45.6,50.7,28,1500000US261635245002
62.7,59.3,65.9,1500000US261635247001
48.4,45.6,48.8,1500000US261635247002
56,41,59,1500000US261635247003
49.6,40.6,75.3,1500000US261635247004
44.9,49.9,44.4,1500000US261635247005
36,27.2,37.6,1500000US261635247006
33,21.2,48.6,1500000US261635248001
33.6,20.9,33.7,1500000US261635248002
50.1,49.7,50.3,1500000US261635248003
58,58.1,57.6,1500000US261635248004
44.1,52.3,40,1500000US261635248005
34.8,34.9,27.8,1500000US261635249001
33,34.8,32.8,1500000US261635249002
-,-,-,1500000US261635250001
41.8,41.8,41.9,1500000US261635250002
29.8,31.4,29.1,1500000US261635250003
27.9,25.8,28.8,1500000US261635254001
30.6,14.7,32.9,1500000US261635254002
40.5,39.8,43.9,1500000US261635254003
36,28.9,55.2,1500000US261635255001
35.3,17.5,41.8,1500000US261635255002
25.1,31,20.9,1500000US261635256001
31.3,31.1,31.7,1500000US261635256002
24.6,22.8,26.1,1500000US261635257001
31.3,38.1,25.4,1500000US261635257002
33.6,31.6,34.5,1500000US261635257003
28.6,32.9,22.8,1500000US261635257004
25,25.3,23.8,1500000US261635258001
31.4,31.4,30,1500000US261635258002
29.6,27.4,33.4,1500000US261635260001
23.4,20.4,26.2,1500000US261635260002
16.5,15.4,17.8,1500000US261635261001
21.5,21.9,20.1,1500000US261635261002
26.2,28.2,24,1500000US261635262001
24.3,21,24.7,1500000US261635262002
26.3,26.7,23.9,1500000US261635262003
33.3,20.5,37.9,1500000US261635263001
22.7,17.1,27.8,1500000US261635263002
27.3,26.6,27.4,1500000US261635263003
24.8,32.1,24.2,1500000US261635264001
29.4,35.9,28.1,1500000US261635264002
44.6,44.8,43.8,1500000US261635265001
26.3,15.5,28.1,1500000US261635265002
40.7,43,35.5,1500000US261635265003
30.7,24.7,37,1500000US261635272001
30,36.3,29.5,1500000US261635272002
28,22.2,42.5,1500000US261635273001
30.2,21.8,30.7,1500000US261635273002
46,45.7,46.7,1500000US261635301001
46.6,46.6,49.1,1500000US261635301002
55.6,52.3,55.7,1500000US261635301003
44.5,44.5,44.4,1500000US261635301004
30.6,23.8,36.5,1500000US261635302001
41.5,35.5,42.4,1500000US261635302002
58.8,58.8,57,1500000US261635302003
20.9,22.2,20.3,1500000US261635302004
50.5,50.2,55.6,1500000US261635302005
46,44.9,49,1500000US261635303001
47.9,37.4,57.8,1500000US261635303002
25.7,19.2,31,1500000US261635303003
29.4,22.6,52.4,1500000US261635304001
37.6,30.4,45.9,1500000US261635304002
41.7,40.4,45.1,1500000US261635305001
36.7,47.3,36.5,1500000US261635305002
44.3,27.8,49.4,1500000US261635305003
59.4,63.7,54.3,1500000US261635308001
23,18.2,23.2,1500000US261635308002
57.3,58,45.6,1500000US261635308003
43.4,43.6,43.3,1500000US261635308004
50.3,46.7,50.4,1500000US261635309001
40,43.1,39.9,1500000US261635309002
46.8,44.1,47.5,1500000US261635309003
37.8,25.8,53.7,1500000US261635311001
49.5,44.5,58.9,1500000US261635311002
40.3,33.9,41.3,1500000US261635312001
35.9,32.9,43.3,1500000US261635312002
29.2,29,33.2,1500000US261635312003
52.4,48.9,52.7,1500000US261635313001
53.3,53,54.3,1500000US261635313002
27.7,47.7,27.1,1500000US261635314001
43.6,40.6,48.1,1500000US261635314002
21.4,49.3,15.5,1500000US261635315001
37.1,31.1,46.1,1500000US261635315002
28.2,33.6,22.6,1500000US261635315003
57.5,24.4,60.1,1500000US261635315004
37.6,37.8,36.5,1500000US261635316001
46.5,50.4,35.7,1500000US261635316002
28.9,45.3,26.5,1500000US261635317001
49.8,43.6,62,1500000US261635317002
41.7,12.5,48.6,1500000US261635318001
48.9,48.5,58.1,1500000US261635318002
32.3,22.5,40.2,1500000US261635318003
38.1,35.2,39.9,1500000US261635319001
23.1,24.7,22,1500000US261635319002
40.6,48,35.9,1500000US261635322001
48.6,48.7,48.5,1500000US261635322002
53.1,53.1,53.1,1500000US261635323001
40.3,40.4,32.7,1500000US261635324001
43.8,41.2,46.3,1500000US261635324002
26.6,22.4,28.5,1500000US261635324003
43.5,48.4,42.1,1500000US261635326001
40.2,33.4,40.6,1500000US261635326002
32.2,29.7,36.5,1500000US261635326003
44.1,47.9,38.8,1500000US261635327001
28.6,54.2,25.3,1500000US261635327002
31.6,39.1,31.1,1500000US261635330001
44.1,41.4,48.6,1500000US261635330002
38.4,27.8,38.5,1500000US261635331001
54,59.9,51.9,1500000US261635331002
39.6,39.8,37,1500000US261635331003
50.8,42.7,59.4,1500000US261635332001
48,54.4,43,1500000US261635332002
39.8,37.1,58.1,1500000US261635332003
62.6,60.9,82.5,1500000US261635333001
34.6,34.9,34.3,1500000US261635333002
26.4,26.5,21.9,1500000US261635334001
43.6,45.2,34.5,1500000US261635334002
54.6,59.8,-,1500000US261635334003
22.6,58.1,22,1500000US261635334004
54.2,37.5,63.4,1500000US261635334005
40.1,31,40.3,1500000US261635335001
29.4,28.2,38.4,1500000US261635335002
42.3,39.6,45.3,1500000US261635336001
46.3,46.8,45.5,1500000US261635336002
35.1,28.6,37.9,1500000US261635336003
49.1,37,49.6,1500000US261635337001
46,45.8,58.5,1500000US261635337002
41.7,43.5,41.4,1500000US261635339001
30.5,31,30.3,1500000US261635339002
34.6,33.2,35.9,1500000US261635339003
47,39.8,51.8,1500000US261635341001
52.7,47.4,55.2,1500000US261635341002
30.6,25.1,33.4,1500000US261635341003
36,32,44,1500000US261635342001
35.2,24.2,39.3,1500000US261635342002
30.2,15.3,38.1,1500000US261635342003
19.3,55.6,14.9,1500000US261635342004
38.1,31.8,38.6,1500000US261635342005
22.5,26.1,22.4,1500000US261635343001
31.5,31.8,31,1500000US261635343002
35.3,35.2,36.2,1500000US261635344001
28.8,24.2,35.1,1500000US261635344002
32,22.2,47.2,1500000US261635345001
40.6,22.6,57,1500000US261635345002
36.1,20.8,36.4,1500000US261635346001
54.7,43.3,55.7,1500000US261635346002
19.3,23.5,19.1,1500000US261635346003
32.1,24.3,32.9,1500000US261635347001
45.4,45.4,45.4,1500000US261635347002
26.4,46.3,25.9,1500000US261635347003
40.7,38.9,50.5,1500000US261635347004
29.4,26.3,33.8,1500000US261635350001
45.2,13.5,51.5,1500000US261635350002
34.2,42.5,33.8,1500000US261635350003
36.2,41.1,36.2,1500000US261635351001
34.3,35.8,33.8,1500000US261635351002
48.3,42.2,52.9,1500000US261635352001
49.5,54.8,49.1,1500000US261635352002
23.6,14.5,30.8,1500000US261635352003
49.7,24.8,52.5,1500000US261635352004
30.3,26.6,36.6,1500000US261635353001
28.5,17.8,28.9,1500000US261635353002
38.4,31.4,66.3,1500000US261635353003
27.5,27.6,27.4,1500000US261635353004
34,32.5,35.6,1500000US261635353005
34,30.9,42.4,1500000US261635354001
42.6,40.6,45.7,1500000US261635354002
33.1,32.7,33.4,1500000US261635355001
29.8,24,51.6,1500000US261635355002
27.5,27.9,26.8,1500000US261635355003
30.3,15.8,33.8,1500000US261635356001
48.2,28,55.4,1500000US261635356002
39,18.5,40.7,1500000US261635356003
40.7,49.8,35.6,1500000US261635356004
27.8,17.3,35.1,1500000US261635357001
52,52.3,49.1,1500000US261635357002
31.7,32.5,31.4,1500000US261635361001
26.2,14.5,40.2,1500000US261635361002
46.1,35.7,50.9,1500000US261635361003
50.3,11.9,52.7,1500000US261635361004
34.4,25.6,43.7,1500000US261635362001
28,26.4,36.2,1500000US261635362002
42.3,47.8,24.9,1500000US261635363001
48.6,24.7,50.4,1500000US261635363002
22.4,13.9,42,1500000US261635363003
25.9,15.9,32.3,1500000US261635363004
42.3,42.4,40.8,1500000US261635363005
36.4,36.1,50.4,1500000US261635363006
54.6,55,54.6,1500000US261635364001
36.8,15,47.3,1500000US261635364002
32.9,32.4,45.6,1500000US261635364003
32.6,39.6,26.9,1500000US261635364004
39.1,39,39.1,1500000US261635365001
46.5,48.6,43.5,1500000US261635365002
51.1,34.7,52.6,1500000US261635365003
33.3,27.7,47,1500000US261635365004
53.2,47.1,54.1,1500000US261635366001
38.4,45.8,31.5,1500000US261635366002
43,52.3,42.2,1500000US261635366003
30.2,23.3,50.1,1500000US261635366004
48.6,59.9,34.9,1500000US261635366005
45.2,41.4,49.3,1500000US261635367001
58.9,59.7,54.2,1500000US261635367002
27.9,28.8,23.8,1500000US261635368001
42.8,46.1,37.8,1500000US261635368002
18.1,16.4,19.6,1500000US261635369001
28.1,28.1,29,1500000US261635369002
36.9,37,36.9,1500000US261635369003
63.7,63.4,64.8,1500000US261635369004
33.3,35.1,33.2,1500000US261635370001
46.7,46.4,52.5,1500000US261635370002
38.5,42.3,38.2,1500000US261635370003
53.3,28.6,63.1,1500000US261635371001
25.9,20.1,52,1500000US261635371002
25.1,20.5,30,1500000US261635371003
40.6,33.5,42.4,1500000US261635372001
42.3,23.5,52.3,1500000US261635372002
47.8,35.4,54.6,1500000US261635373001
37.1,21.6,40.3,1500000US261635373002
38.4,35.4,50.3,1500000US261635373003
52.5,35.8,58.3,1500000US261635373004
19.5,12.6,21.9,1500000US261635375001
36.9,36.2,45.8,1500000US261635375002
48,50.6,33.9,1500000US261635375003
52.2,54.2,51.8,1500000US261635375004
23.3,15,24.4,1500000US261635375005
27,26.4,39.8,1500000US261635376001
36.2,31.7,42.7,1500000US261635376002
32.9,26,35.8,1500000US261635376003
21.2,10.8,28.6,1500000US261635377001
27.7,27.1,39.4,1500000US261635377002
46,46.2,42.4,1500000US261635377003
39.5,38,39.5,1500000US261635378001
38.8,38.2,42.2,1500000US261635378002
30.4,33.8,23.6,1500000US261635378003
52,47.3,59.7,1500000US261635381001
40,34.6,57.1,1500000US261635381002
47,37.6,49.2,1500000US261635382001
49.5,49.6,46.9,1500000US261635382002
30,31.8,28.4,1500000US261635383001
37.8,24.2,44.6,1500000US261635383002
41.4,41,42.8,1500000US261635384001
48.1,48.8,36.7,1500000US261635384002
44.6,41,45.7,1500000US261635384003
36.7,27.9,39.9,1500000US261635384004
41.3,41.6,32.8,1500000US261635385001
47.4,47.8,31.9,1500000US261635385002
56.8,33.7,59.8,1500000US261635385003
47.2,54.7,36.7,1500000US261635385004
45.4,33.9,45.9,1500000US261635385005
40.4,38.7,40.5,1500000US261635385006
32.7,30.6,37.8,1500000US261635385007
27.7,36.5,26.6,1500000US261635386001
41.4,41,43.9,1500000US261635386002
42,23.8,48.1,1500000US261635386003
42.5,42.3,46.1,1500000US261635386004
48.5,41.3,48.9,1500000US261635386005
39.7,43,39.1,1500000US261635386006
43.1,30.3,52.1,1500000US261635387001
32.2,31.2,32.6,1500000US261635387002
28.6,24.6,29.7,1500000US261635387003
45.1,36.5,45.8,1500000US261635388001
35.6,41.3,35.4,1500000US261635388002
52.9,27.9,58.3,1500000US261635389001
39.6,32.4,48.1,1500000US261635389002
47.1,47.2,42.7,1500000US261635389003
52.4,43.1,62,1500000US261635389004
39.1,39.5,27.9,1500000US261635390001
45,50.9,25.9,1500000US261635390002
50.9,56,27.8,1500000US261635390003
25.7,25.5,33,1500000US261635390004
47.7,40.1,53.9,1500000US261635391001
28.5,21.5,36.1,1500000US261635391002
32.3,26.9,46.9,1500000US261635392001
28.8,21.2,35,1500000US261635392002
47.6,41.6,47.7,1500000US261635392003
56.6,66.2,51.9,1500000US261635392004
44.9,24.9,62.6,1500000US261635392005
28.1,30.3,27.5,1500000US261635392006
59.9,56.3,63,1500000US261635393001
40.1,34.3,48.8,1500000US261635393002
51.1,49.2,51.4,1500000US261635393003
25.7,21.8,34.2,1500000US261635393004
40.8,36.6,45.9,1500000US261635394001
35.6,24.1,39.5,1500000US261635394002
44.6,45.5,44.4,1500000US261635394003
44.6,46.3,30.6,1500000US261635395001
50.1,50.4,47.7,1500000US261635395002
33,25,38.4,1500000US261635395003
49.7,49.2,57.3,1500000US261635395004
40.3,46.7,26.9,1500000US261635396001
41.7,38.1,42,1500000US261635396002
50.9,51.3,50,1500000US261635396003
56.8,48.3,63.5,1500000US261635397001
47.7,53.1,46,1500000US261635397002
41.9,35.8,42.5,1500000US261635401001
39.5,38,41.3,1500000US261635401002
40.1,-,20.9,1500000US261635401003
29.6,29.5,32.2,1500000US261635401004
40.9,46.5,40.5,1500000US261635402001
31.3,27.7,35.7,1500000US261635402002
38.9,37.9,46.7,1500000US261635402003
28.4,28.1,38.2,1500000US261635402004
25.5,25.2,28.3,1500000US261635402005
15.1,25.5,11,1500000US261635402006
26.5,17.6,50,1500000US261635403001
32.5,18,39.6,1500000US261635403002
35.1,18.7,52.3,1500000US261635403003
30.5,28.4,41.7,1500000US261635403004
27.7,27.5,29.5,1500000US261635403005
47.2,41.8,53.7,1500000US261635404001
37.9,37.4,38.6,1500000US261635404002
10.8,10.3,17.2,1500000US261635404003
53.5,56.7,51.3,1500000US261635404004
44.1,38.3,48.1,1500000US261635405001
50.5,33.2,52.4,1500000US261635405002
35.1,27.8,35.9,1500000US261635405003
40.5,50.2,40.3,1500000US261635405004
44.6,47.5,39,1500000US261635406001
41,29.7,43.4,1500000US261635406002
53.7,41.7,60.9,1500000US261635406003
34,38.4,33.2,1500000US261635406004
54,44.7,59.7,1500000US261635407001
29.4,22.8,49.9,1500000US261635407002
34.4,40.7,32.1,1500000US261635407003
37.2,24.5,43.3,1500000US261635407004
57.8,55.5,59.4,1500000US261635408001
29.7,24.8,35.8,1500000US261635408002
36.9,51.5,35.6,1500000US261635409001
47.1,42.7,47.4,1500000US261635409002
60.9,68.8,60.4,1500000US261635409003
26.4,19.6,27.1,1500000US261635409004
39.7,26.3,51.3,1500000US261635410001
34,33.6,34.9,1500000US261635410002
28.8,30,28.8,1500000US261635410003
40.6,40.6,40.6,1500000US261635411001
48,19.6,55.3,1500000US261635411002
57.1,42.2,59.8,1500000US261635411003
38.5,35.8,46.1,1500000US261635411004
19.9,28.3,19.6,1500000US261635411005
25.7,19.1,26.5,1500000US261635412001
37.8,36.1,40.4,1500000US261635412002
35.4,41.6,32.5,1500000US261635412003
51,45.9,51.6,1500000US261635412004
26.6,24.8,38.3,1500000US261635413001
31.6,32.2,28.4,1500000US261635413002
31.4,43.9,29.4,1500000US261635413003
49,48.4,54.4,1500000US261635414001
31.9,22.3,40.3,1500000US261635414002
32.3,28.3,49.5,1500000US261635414003
29.2,29.3,29.1,1500000US261635415001
38.6,27.1,39.4,1500000US261635415002
32.1,35.8,23.4,1500000US261635415003
42.4,43.6,38.6,1500000US261635415004
42.3,39.4,48.6,1500000US261635417001
43.6,41.7,44.6,1500000US261635417002
52.7,42.6,58.5,1500000US261635418001
50.3,47.7,54.8,1500000US261635418002
43.1,43.6,42.4,1500000US261635421001
48.8,49.4,42.5,1500000US261635421002
38.9,38.6,53.2,1500000US261635421003
47.9,47.7,56.3,1500000US261635421004
39,27.5,39.9,1500000US261635421005
47.4,52.4,46.7,1500000US261635421006
42,41.4,50,1500000US261635422001
40.7,39.9,47.2,1500000US261635422002
28.8,17.8,37.2,1500000US261635422003
50.5,52.4,49.4,1500000US261635422004
57.2,55.5,59.1,1500000US261635422005
39.3,47.3,35.1,1500000US261635423001
43.6,29.4,49.4,1500000US261635423002
34.9,29.8,44.1,1500000US261635423003
29.5,20.9,39.4,1500000US261635424001
42.7,42.1,44.4,1500000US261635424002
30.8,20.7,43.4,1500000US261635424003
38.2,21.2,42.3,1500000US261635425001
34.3,31.4,43.5,1500000US261635425002
49.5,50.4,49.1,1500000US261635425003
23.9,25.7,23,1500000US261635426001
33.1,17.7,35.3,1500000US261635426002
27,20.2,34.1,1500000US261635426003
40.3,41,28.4,1500000US261635426004
29.3,26.3,35.5,1500000US261635427001
51.5,62.4,42.8,1500000US261635428001
38.3,39.9,35.1,1500000US261635428002
34.9,34.3,41.2,1500000US261635428003
40.3,40.2,40.6,1500000US261635429001
52.1,43.2,52.5,1500000US261635429002
37.3,26.4,45,1500000US261635429003
49.4,43.9,49.6,1500000US261635429004
34.8,32.5,39.3,1500000US261635430001
55.1,55.1,55.1,1500000US261635430002
51.8,55.4,48.2,1500000US261635431001
40,36.9,41.2,1500000US261635431002
37.3,36.3,42.4,1500000US261635432001
53.7,53.8,53.6,1500000US261635432002
29.8,34.9,29.3,1500000US261635432003
41.3,40.6,50.7,1500000US261635434001
41.6,24.9,43.5,1500000US261635434002
52.2,55.5,51.5,1500000US261635434003
43,45.2,37.3,1500000US261635435001
23.2,13.8,26.3,1500000US261635435002
41.5,38.6,64.9,1500000US261635436001
29.9,33.6,29.1,1500000US261635436002
28.8,19.7,30.2,1500000US261635436003
21.9,15.9,21.9,1500000US261635437001
19.5,11.9,24.4,1500000US261635437002
48.6,48.3,51.1,1500000US261635437003
28.7,28.5,29,1500000US261635438001
36.4,49,29.3,1500000US261635438002
38,49.3,36.6,1500000US261635439001
31.6,39,29.1,1500000US261635439002
43.1,34,50.6,1500000US261635440001
35.4,31,35.9,1500000US261635440002
31.2,20.4,34.9,1500000US261635441001
29.3,33.5,25.7,1500000US261635441002
25.3,23.8,25.6,1500000US261635441003
33.4,61.1,28.7,1500000US261635442001
30.2,30.6,28.6,1500000US261635442002
34.8,42.3,26.9,1500000US261635442003
28,28.1,20.9,1500000US261635443001
48.7,48.7,58.1,1500000US261635443002
26.8,33.4,24.2,1500000US261635443003
42.4,35.9,47.1,1500000US261635451001
47.8,48,47.5,1500000US261635451002
50.5,51.2,50,1500000US261635451003
32.6,34,32.5,1500000US261635452001
45.8,33.7,53.1,1500000US261635452002
27.3,18.8,32.7,1500000US261635452003
53.2,58.1,46.7,1500000US261635452004
65.5,63.3,67.4,1500000US261635453001
27.5,30,25.3,1500000US261635453002
28.3,24.2,33.4,1500000US261635453003
24.8,14.1,28.9,1500000US261635454001
29.4,25.1,30.7,1500000US261635455001
31.5,31.8,26.5,1500000US261635455002
30.9,41.6,30.3,1500000US261635455003
23.7,26.5,23.3,1500000US261635455004
26.4,31,15.4,1500000US261635455005
32,20.2,46.2,1500000US261635455006
26.6,26.7,21.8,1500000US261635456001
37,36.4,37.6,1500000US261635456002
21.8,18.2,31.3,1500000US261635456003
25.7,25.1,30.1,1500000US261635456004
22,21.8,39.5,1500000US261635456005
26.4,24.1,30.2,1500000US261635457001
30,25.7,30.9,1500000US261635457002
32.1,19.9,49.3,1500000US261635458001
25.7,25.7,25.7,1500000US261635458002
24.6,27.8,23.3,1500000US261635458003
28.1,28.6,27.2,1500000US261635458004
26.2,24.3,26.7,1500000US261635458005
26.2,32.6,25.3,1500000US261635459001
23.4,26.5,16.5,1500000US261635459002
28.1,15,28.8,1500000US261635459003
27.4,10.1,35.1,1500000US261635459004
32.4,27.2,43.3,1500000US261635459005
44.9,48.5,44.5,1500000US261635460001
26.3,16.7,31.1,1500000US261635460002
29.4,6.5,38.3,1500000US261635460003
37.4,41.2,13.8,1500000US261635460004
30.1,24.9,32.2,1500000US261635460005
37.9,38.2,30.8,1500000US261635461001
26.2,21.6,29.4,1500000US261635461002
34.5,35,26.3,1500000US261635461003
29.8,31.6,29.3,1500000US261635461004
53.1,53.3,47.3,1500000US261635461005
18.4,15.2,20.5,1500000US261635462001
35.6,43.3,32.1,1500000US261635462002
25,25,25,1500000US261635462003
18.5,30.3,14.5,1500000US261635462004
38.7,22.6,40.4,1500000US261635463001
42.1,44.5,34.6,1500000US261635463002
27.7,27.9,27.5,1500000US261635464001
34.9,34.6,42.7,1500000US261635464002
49.8,40.2,51.6,1500000US261635465001
29.9,29.2,32.4,1500000US261635465002
29.9,26.9,42.6,1500000US261635466001
31.2,32.8,27.7,1500000US261635466002
37.3,40.5,30,1500000US261635466003
23.2,31.5,14.9,1500000US261635467001
51.6,51.2,64,1500000US261635467002
40.3,31.6,40.9,1500000US261635467003
35.4,35,35.6,1500000US261635467004
48.4,48.7,47.7,1500000US261635467005
32.6,28.5,32.6,1500000US261635468001
22.1,25.5,17.8,1500000US261635468002
46.5,46.5,46.4,1500000US261635468003
22.3,25.3,20.8,1500000US261635468004
34.2,16.9,44.2,1500000US261635469001
43.5,45.1,40.8,1500000US261635501001
50.1,50.9,48.2,1500000US261635501002
37.2,25.8,40.6,1500000US261635501003
60.8,57.1,63.8,1500000US261635501004
42.8,47.4,41.5,1500000US261635501005
39.5,36.6,41.2,1500000US261635502001
40.8,40.2,45.1,1500000US261635502002
33.6,31.8,34.3,1500000US261635502003
43.2,42,45,1500000US261635503001
47.3,47.7,47.1,1500000US261635503002
47.5,44.7,52.2,1500000US261635504001
57.8,54.6,58.6,1500000US261635504002
56.7,56.2,57.8,1500000US261635505001
42.2,35.9,46.7,1500000US261635505002
44.1,46.5,39.8,1500000US261635505003
47.6,44.8,55.2,1500000US261635506001
38.3,35.1,44.3,1500000US261635506002
50.1,48.8,50.6,1500000US261635506003
42.8,47.4,40.6,1500000US261635507001
48.3,54.7,45.6,1500000US261635507002
34.6,30.5,39.3,1500000US261635507003
35,32.6,35.4,1500000US261635507004
47.1,51.1,43.4,1500000US261635507005
40.9,48.7,35.6,1500000US261635507006
55.6,53.8,57.9,1500000US261635508001
50.1,42,56.5,1500000US261635508002
55.1,54.8,55.3,1500000US261635509001
43.9,44.8,43.3,1500000US261635509002
57.3,59,56.9,1500000US261635509003
50,49.5,50.2,1500000US261635511001
50.9,48.1,52.9,1500000US261635511002
49.4,52.1,47.5,1500000US261635511003
54.6,56,53.4,1500000US261635511004
50,51.3,48.2,1500000US261635512001
38.4,40.5,35.1,1500000US261635512002
40,43.3,38.6,1500000US261635512003
33.1,26.1,47.6,1500000US261635512004
43.6,39.4,44.2,1500000US261635512005
54.6,49.4,56.5,1500000US261635513001
42.6,41.3,44,1500000US261635513002
38.9,32.5,47.2,1500000US261635513003
40.5,39.2,46.6,1500000US261635513004
42.8,27.4,49.7,1500000US261635514001
46.8,43.5,52.4,1500000US261635514002
33.2,18.6,40.1,1500000US261635514003
34.5,34.1,36.3,1500000US261635514004
30.8,33.9,29.8,1500000US261635515001
48.4,45.8,48.9,1500000US261635515002
30.1,27.7,43.7,1500000US261635516001
25.5,24,31.5,1500000US261635516002
40.4,27.9,51.1,1500000US261635516003
44.4,38.8,46.5,1500000US261635517001
55.4,39.3,56.8,1500000US261635517002
49.2,40.4,55.8,1500000US261635517003
38,36.1,38.5,1500000US261635518001
51.8,49.2,55.5,1500000US261635518002
32.3,30.8,36.2,1500000US261635518003
30.7,30.3,30.9,1500000US261635520001
30.5,32.9,29.9,1500000US261635520002
30.9,32.4,30.1,1500000US261635521001
40.9,40.2,50.3,1500000US261635521002
29.1,25.9,29.8,1500000US261635521003
24.2,22.8,24.6,1500000US261635521004
28.1,25,31.2,1500000US261635521005
28.2,30.4,26.9,1500000US261635522001
34.1,26.3,38.1,1500000US261635522002
23.7,25.2,23.4,1500000US261635522003
29,26.3,32.3,1500000US261635523001
23,21.1,24.1,1500000US261635523002
27.9,27.7,32.3,1500000US261635523003
28.5,29.4,28,1500000US261635524001
30.6,26,31.7,1500000US261635524002
30.8,30.8,-,1500000US261635528001
18.9,10.6,24,1500000US261635528002
19.3,18,20,1500000US261635528003
26.6,27.2,26.2,1500000US261635528004
21.7,21.8,21.7,1500000US261635528005
26.6,25.5,42.3,1500000US261635530001
57.6,58.7,57.3,1500000US261635530002
65.1,30.6,65.4,1500000US261635531001
28.9,25,46.1,1500000US261635531002
34.6,49.7,27.5,1500000US261635531003
41.8,48.3,41,1500000US261635532001
28.3,19.3,41.8,1500000US261635532002
40,58.1,32.9,1500000US261635533001
17.5,17,23.9,1500000US261635533002
46.7,21.9,46.9,1500000US261635534001
45.8,27.1,46.9,1500000US261635534002
36.7,30.4,44.5,1500000US261635536001
56.1,54.4,62.4,1500000US261635536002
33.6,25.9,46.9,1500000US261635536003
29.6,29.4,36.7,1500000US261635538001
28.4,43.5,25,1500000US261635538002
47.6,38.9,52.2,1500000US261635538003
34.5,22.3,38.9,1500000US261635541001
38,43.5,35.6,1500000US261635541002
46.7,33.7,57.1,1500000US261635541003
40,40.4,34.9,1500000US261635541004
43.6,45.2,43.2,1500000US261635542001
37.6,39.2,37.1,1500000US261635542002
35.2,33.4,50.1,1500000US261635542003
29.7,36.2,25.6,1500000US261635542004
45.4,31.4,48.4,1500000US261635543001
50,49.6,50.5,1500000US261635543002
44.4,37.1,47.3,1500000US261635543003
32.6,33.9,32.3,1500000US261635543004
39.7,42.3,39.3,1500000US261635543005
56.2,54.5,61.3,1500000US261635544001
30.8,29.6,46.8,1500000US261635544002
39.3,39.3,39.3,1500000US261635544003
41,37.3,41.9,1500000US261635544004
39.8,39.2,42.8,1500000US261635545001
32.1,33.6,27.4,1500000US261635545002
44.1,37.7,48.7,1500000US261635546001
29.8,26.3,30.3,1500000US261635546002
45.8,39.6,48.9,1500000US261635546003
41,40.1,41.1,1500000US261635546004
40.5,36.5,48.4,1500000US261635547001
38.9,33.9,44.1,1500000US261635547002
41.6,36.1,45.8,1500000US261635547003
51.5,46.5,55.6,1500000US261635548001
53.3,45.1,54.4,1500000US261635548002
35.5,40.8,32.8,1500000US261635548003
48.7,47.9,48.8,1500000US261635548004
44.9,46.2,42,1500000US261635549001
21.1,17,36.7,1500000US261635549002
41.1,35.5,42.1,1500000US261635549003
44.2,50.3,36.5,1500000US261635551001
44.5,38.8,50.4,1500000US261635551002
33.1,34,30.9,1500000US261635551003
36.5,33.3,37.3,1500000US261635551004
38,32.8,40.1,1500000US261635553001
33.7,32.8,38.6,1500000US261635553002
44.4,43.8,44.5,1500000US261635554001
25.5,25.6,24,1500000US261635554002
52.4,53.3,52.2,1500000US261635554003
32.1,23.7,40.3,1500000US261635555001
46.8,46,47.3,1500000US261635555002
40.3,32.8,42.8,1500000US261635556001
40.2,46.1,31.3,1500000US261635556002
44.9,43.9,47.2,1500000US261635561001
42,48.1,40.9,1500000US261635561002
32.1,39.5,28.6,1500000US261635561003
35.6,39.6,34.8,1500000US261635561004
58.6,56.2,62.4,1500000US261635562001
44,40,52.7,1500000US261635562002
34.2,34.4,32.9,1500000US261635562003
54.8,57.2,54.6,1500000US261635563001
49.5,49.9,47.5,1500000US261635563002
47.5,47,47.9,1500000US261635563003
41.6,54.5,37.4,1500000US261635564001
54.6,55.7,53.3,1500000US261635564002
52.6,47.8,56,1500000US261635564003
56.1,53.6,57.6,1500000US261635565001
58.3,55.3,59.5,1500000US261635566001
50.7,49.7,51.2,1500000US261635566002
45,47.1,43.9,1500000US261635566003
45.5,44.7,51.2,1500000US261635567001
55.4,53.5,55.7,1500000US261635567002
51.1,51.4,50.7,1500000US261635568001
50.2,49.8,50.3,1500000US261635568002
47.1,42.1,47.6,1500000US261635569001
38.8,35.8,39.3,1500000US261635569002
38.3,38.3,38.5,1500000US261635569003
32.8,37.1,32.4,1500000US261635570001
29.1,22.3,32.6,1500000US261635570002
41.8,38.6,46.6,1500000US261635570003
59.2,59.4,58.8,1500000US261635571001
30.5,27.3,32.6,1500000US261635571002
51.2,48.7,51.4,1500000US261635571003
59.8,49.2,67.8,1500000US261635572001
42.4,39.6,42.6,1500000US261635572002
47.3,46.9,51.5,1500000US261635573001
40.8,39.6,46.3,1500000US261635573002
47.3,45.8,48,1500000US261635574001
54.8,54.2,55.6,1500000US261635574002
39.9,39.9,39.9,1500000US261635575001
48.3,52,41.9,1500000US261635575002
49.9,49.9,49.9,1500000US261635575003
52.3,45.6,54.8,1500000US261635575004
50.9,47.8,51,1500000US261635576001
53.4,46.9,58.3,1500000US261635576002
49.7,40.4,54.4,1500000US261635576003
41.4,42.6,40.2,1500000US261635577001
50.3,47.2,54.8,1500000US261635577002
43.7,42.3,49.6,1500000US261635577003
53.1,52.3,53.7,1500000US261635577004
32.4,27.3,48,1500000US261635579001
59.4,58.6,59.9,1500000US261635579002
49.6,42.4,53,1500000US261635579003
34.2,30.8,39,1500000US261635580001
39.5,36.9,40.9,1500000US261635580002
48.3,47.1,48.8,1500000US261635580003
54.5,53.6,56,1500000US261635580004
40.8,37.5,46.9,1500000US261635581001
42,37,44.9,1500000US261635581002
49.8,54.1,49.5,1500000US261635581003
43.3,39.4,45.1,1500000US261635582001
41.8,45.2,39.6,1500000US261635582002
59.1,50.2,62.3,1500000US261635582003
35.7,34.1,37.6,1500000US261635582004
46.9,39,52.5,1500000US261635583001
52.3,37.5,54.8,1500000US261635583002
45.4,38.5,49.3,1500000US261635584001
47.3,46.7,49.1,1500000US261635584002
39.9,44.6,36.5,1500000US261635584003
55.2,54.3,55.5,1500000US261635585001
36.2,34.7,37,1500000US261635585002
37.8,38.3,37.4,1500000US261635585003
51.7,55.5,48.3,1500000US261635585004
51.7,47,54.8,1500000US261635586001
45.4,45.4,45.4,1500000US261635586002
42.3,45.2,41.2,1500000US261635587001
46.3,41.2,46.6,1500000US261635587002
36.7,39.2,36.2,1500000US261635587003
40,40.7,38.2,1500000US261635588001
43.9,44.4,41.9,1500000US261635588002
39,39,39,1500000US261635589001
43.4,44.7,37.8,1500000US261635589002
34.1,36,33.3,1500000US261635590001
38.8,38.4,41.9,1500000US261635590002
31.5,34.4,27.9,1500000US261635590003
36.2,40.1,34.5,1500000US261635591001
39.9,42.4,38.4,1500000US261635591002
38.9,34.4,43,1500000US261635592001
38,37.2,38.7,1500000US261635592002
47.6,49.7,40.8,1500000US261635601001
55.3,54,55.8,1500000US261635601002
49,49.4,47.7,1500000US261635601003
44.6,45.4,43.8,1500000US261635602001
45.8,54.4,45.2,1500000US261635602002
37.3,31.7,45.9,1500000US261635602003
37.6,35.9,40.1,1500000US261635602004
44.1,44.5,43.7,1500000US261635603001
43.2,38.8,43.7,1500000US261635603002
69.3,63.3,70.9,1500000US261635603003
56.2,49.1,60.4,1500000US261635604001
33.7,36,33.3,1500000US261635604002
47.8,47.8,44.9,1500000US261635604003
59.9,54,59.9,1500000US261635604004
39.1,30.3,45.1,1500000US261635604005
34.8,39.1,31.3,1500000US261635612001
44.7,38.7,47.6,1500000US261635612002
47.2,47.5,46.9,1500000US261635613001
46.1,43.5,46.3,1500000US261635613002
61.7,57.6,62.8,1500000US261635616001
49.9,49.2,55.6,1500000US261635616002
54.4,52.7,56.1,1500000US261635616003
41,55.2,-,1500000US261635617001
41.7,39.9,43.6,1500000US261635617002
47.4,47.1,47.6,1500000US261635619001
45.7,46,45.4,1500000US261635619002
55.5,49.9,55.8,1500000US261635619003
50.6,48.7,52.8,1500000US261635623001
50.6,48.2,54,1500000US261635623002
50.8,50.8,50.9,1500000US261635624001
51.1,49,53.3,1500000US261635624002
38.4,38.5,38.1,1500000US261635624003
57.1,58.9,53.8,1500000US261635624004
35.7,35.4,38.6,1500000US261635625001
42.5,41.3,52.3,1500000US261635625002
36.9,41.8,33.3,1500000US261635626001
47.4,47.3,53.2,1500000US261635626002
38.6,39,36.6,1500000US261635626003
39.6,45.9,36.8,1500000US261635627001
50.5,46,54.1,1500000US261635627002
47.7,48.8,46.3,1500000US261635627003
39.3,37.1,39.8,1500000US261635628001
41.5,31.8,44.4,1500000US261635628002
43.7,47.3,40.3,1500000US261635628003
40.2,40.5,38.1,1500000US261635629001
60,60.2,58.5,1500000US261635629002
45.1,43.1,52,1500000US261635629003
34.2,33.9,34.4,1500000US261635632001
27.1,26.6,27.9,1500000US261635632002
53.7,57.2,50.7,1500000US261635633001
35.9,31.8,37.1,1500000US261635633002
45.7,49.5,43.6,1500000US261635634001
34.1,30.9,34.2,1500000US261635634002
40.3,44.1,40.3,1500000US261635634003
41.2,38.6,42.6,1500000US261635634004
39.7,39.5,40.3,1500000US261635635001
44.1,43.8,45.5,1500000US261635635002
45,42.6,46.5,1500000US261635635003
41.5,44.2,40.9,1500000US261635636001
40.9,42.8,39.7,1500000US261635637001
38.5,38.3,38.5,1500000US261635637002
42.2,40.3,42.7,1500000US261635638001
41.6,45.7,35.5,1500000US261635638002
42.8,41,43.9,1500000US261635639001
67.7,67.8,67.4,1500000US261635640001
33.4,30.3,36,1500000US261635640002
45.5,44.1,51,1500000US261635641001
47.3,42.7,48.9,1500000US261635641002
34.1,34.3,32.8,1500000US261635641003
37.5,39.3,37.2,1500000US261635642001
39.1,38,40.1,1500000US261635642002
44.9,44.2,46.5,1500000US261635642003
48.5,44.7,53,1500000US261635643001
37.5,41.3,36.6,1500000US261635643002
45.4,45.6,45.3,1500000US261635644011
38.9,45.9,33.3,1500000US261635644012
34.5,35.5,33.4,1500000US261635644021
39.6,40.4,38.6,1500000US261635645011
55.8,54.6,56.8,1500000US261635645021
36.5,35.6,40.3,1500000US261635645022
40.2,35.6,43.1,1500000US261635645031
45.6,42.5,47.4,1500000US261635645032
38.9,37.7,40.4,1500000US261635645041
36.2,33.4,41.4,1500000US261635646001
44.1,40.8,44.6,1500000US261635646002
42.4,44,41.1,1500000US261635646003
31.8,29.4,35.2,1500000US261635647001
37,37.3,36.7,1500000US261635647002
48.1,49.3,44.8,1500000US261635648001
43.1,38.7,45.7,1500000US261635648002
46,46,46,1500000US261635648003
27.8,22.8,32.9,1500000US261635649001
36.5,34.7,37.2,1500000US261635650001
32.4,32.1,33.6,1500000US261635650002
39.3,39.8,39.1,1500000US261635650003
46.3,26.7,50.3,1500000US261635651001
40.3,36.6,42,1500000US261635651002
37,36.4,39.3,1500000US261635652001
47.8,52,38.2,1500000US261635652002
55.5,55.1,55.8,1500000US261635652003
42.3,42.7,37,1500000US261635653001
39.7,30.5,50.7,1500000US261635653002
27.6,29.5,27.6,1500000US261635653003
42.9,43.3,41.5,1500000US261635656001
38.9,39.5,38.8,1500000US261635656002
40.9,42.7,40.3,1500000US261635657001
47.4,49.1,47.3,1500000US261635657002
53.4,47.4,55.2,1500000US261635658001
36.4,37.8,32.3,1500000US261635658002
39.2,32.3,40.3,1500000US261635658003
38.9,41,37.7,1500000US261635659001
37.3,28.3,43.1,1500000US261635659002
39.3,34.1,43.7,1500000US261635664001
41.2,41.8,40.1,1500000US261635664002
50.7,52.4,48.6,1500000US261635665001
41.4,39.6,41.8,1500000US261635665002
57.5,56.9,59,1500000US261635666001
39.6,36.1,41.8,1500000US261635666002
35.8,53.1,34,1500000US261635667001
34.5,26.8,39,1500000US261635667002
33.6,35.8,31.2,1500000US261635667003
41.3,43.5,39.5,1500000US261635668001
51.5,54.2,51.3,1500000US261635668002
37.6,43.8,31.6,1500000US261635668003
39.7,39.7,39.8,1500000US261635669001
32.2,16.8,37.2,1500000US261635669002
40.7,38.4,40.9,1500000US261635669003
43.3,47.1,41.6,1500000US261635669004
36.6,28.7,38.5,1500000US261635670001
38.7,30.8,42.9,1500000US261635670002
39.8,31.5,45.3,1500000US261635670003
46.4,28,52.8,1500000US261635671001
32.9,32.5,33.4,1500000US261635671002
42.5,42.4,47.3,1500000US261635671003
32.5,31.7,33,1500000US261635672011
36,34.5,40.2,1500000US261635672012
39.9,47,37.4,1500000US261635672013
33.4,26.8,40.3,1500000US261635672021
41.9,42.5,40.4,1500000US261635672022
41.1,45.9,35.4,1500000US261635673001
40.3,40.9,37.1,1500000US261635673002
41.5,36,46.5,1500000US261635673003
43.5,53.5,40.5,1500000US261635673004
44.6,36.8,48.6,1500000US261635673005
42.8,35.7,49.1,1500000US261635674001
63.3,61.8,63.5,1500000US261635674002
33.6,33.2,41.7,1500000US261635678001
48.5,49.6,46.6,1500000US261635678002
34.3,34.1,34.5,1500000US261635678003
51.9,51.4,52.5,1500000US261635678004
41.6,36,43.3,1500000US261635679001
52.5,52.2,52.7,1500000US261635679002
38.1,35.7,42.6,1500000US261635679003
67.8,56.5,71.8,1500000US261635680001
39.9,39.6,43.1,1500000US261635680002
39.5,39,43.9,1500000US261635682001
44.8,46.1,42.2,1500000US261635682002
36.3,35.5,37.1,1500000US261635682003
53.3,38.1,53.6,1500000US261635683001
40.8,40.6,42.1,1500000US261635683002
34.2,29.1,39.3,1500000US261635683003
42.4,45.2,42,1500000US261635683004
47.2,48.9,43.6,1500000US261635684001
32.4,37.2,24.8,1500000US261635684002
44.8,30.5,50.6,1500000US261635684003
43.9,43.6,48.3,1500000US261635684004
28.8,21.7,32.4,1500000US261635685001
31.6,31.7,31.5,1500000US261635685002
38.7,39,33.1,1500000US261635685003
46.3,30.7,46.6,1500000US261635685004
46.9,40.5,49,1500000US261635687001
40.9,27.7,41.7,1500000US261635687002
42.4,42.4,42.5,1500000US261635687003
30.8,30.4,39.1,1500000US261635687004
49.4,51.3,49.3,1500000US261635688001
29.6,28.9,29.9,1500000US261635688002
42,35.9,52.4,1500000US261635689001
58,54.7,59.5,1500000US261635689002
38,33.9,41,1500000US261635691001
38.4,41,34.5,1500000US261635691002
40.5,41.7,32.8,1500000US261635692001
40.5,32.8,40.8,1500000US261635692002
47.4,45.4,47.6,1500000US261635692003
55.9,40,60.1,1500000US261635692004
48.8,49.3,48.3,1500000US261635693001
39.5,38.5,41.3,1500000US261635693002
44.8,44.3,49.5,1500000US261635694001
53.2,56.1,52.9,1500000US261635694002
39.9,33.2,43.8,1500000US261635694003
40.1,34.7,45.6,1500000US261635695001
42.2,41.4,47.1,1500000US261635695002
45.9,45.7,50,1500000US261635696001
42.7,42.4,43.2,1500000US261635696002
39.4,39.7,38.7,1500000US261635696003
27.8,27.6,28.1,1500000US261635696004
51.4,51.4,51.5,1500000US261635697001
29.3,32.4,28.2,1500000US261635697002
46.3,46.4,40.8,1500000US261635697003
40.6,38.7,43,1500000US261635697004
46.1,32.5,49.3,1500000US261635698001
40.9,48,38.5,1500000US261635698002
48.8,40.7,53.1,1500000US261635698003
33.8,33.1,41.1,1500000US261635699001
39.1,31.6,45.2,1500000US261635699002
43.5,48.7,42,1500000US261635701001
27.7,22.8,29.5,1500000US261635701002
26.1,25,26.1,1500000US261635701003
42.8,33.5,50,1500000US261635702001
28.4,27.6,28.7,1500000US261635702002
28.8,25.9,32.8,1500000US261635702003
54.9,58,54.1,1500000US261635704001
24.1,11.8,28.6,1500000US261635704002
28.4,22.7,30.1,1500000US261635704003
22.2,10.5,26,1500000US261635704004
30.7,30.2,39.4,1500000US261635704005
44.1,30.2,45.9,1500000US261635705001
29.4,26.3,30.3,1500000US261635705002
30.1,27.9,54,1500000US261635705003
36.8,42.7,33.2,1500000US261635705004
40.8,27.8,44.5,1500000US261635706001
18.5,13.8,24.9,1500000US261635706002
36.7,36.7,36.9,1500000US261635708001
27.7,23.3,30.4,1500000US261635708002
40.1,36.8,41.1,1500000US261635708003
43.9,41.5,47.8,1500000US261635709001
39.7,39.4,41.4,1500000US261635709002
48,44.8,48.4,1500000US261635709003
44.6,44.4,46.2,1500000US261635710001
50.6,48.7,55.5,1500000US261635710002
30.3,30,47.5,1500000US261635710003
26.9,10.5,34.9,1500000US261635710004
28.3,28.8,27.4,1500000US261635715001
31.7,31.1,33,1500000US261635715002
35,33.9,35.7,1500000US261635715003
31.6,40.5,27.2,1500000US261635715004
34.9,35.3,32,1500000US261635716001
29.6,20.9,32.9,1500000US261635717001
27.1,23.9,32.1,1500000US261635717002
31.5,36.6,28.9,1500000US261635718001
34.4,35.9,32.7,1500000US261635718002
54.9,50,55.9,1500000US261635718003
31.9,29.1,36.9,1500000US261635719001
48.4,48.4,48.3,1500000US261635719002
49.4,42.3,57.8,1500000US261635719003
34.4,35,33.3,1500000US261635720001
36.4,36.1,42.1,1500000US261635720002
52.6,58.7,50.4,1500000US261635721001
35.1,36.3,34.1,1500000US261635721002
46.4,41.4,48.6,1500000US261635721003
33.5,43.2,26.3,1500000US261635721004
52.6,58.7,39.6,1500000US261635721005
60.2,60.5,42,1500000US261635722001
43.2,36.1,45.9,1500000US261635722002
37.2,32.1,50.1,1500000US261635722003
34.9,30.4,52.3,1500000US261635722004
37.6,38.2,37.3,1500000US261635722005
33.5,33.5,35.5,1500000US261635724001
33.1,33.4,27.7,1500000US261635724002
34.2,35.4,32.7,1500000US261635725001
52.2,50.3,56.4,1500000US261635725002
44.2,54.2,35.4,1500000US261635726001
35.6,33.8,35.9,1500000US261635726002
39.5,38.4,40,1500000US261635726003
25.6,25,38.6,1500000US261635726004
38.3,33.2,46.5,1500000US261635726005
36.6,44.3,35.7,1500000US261635727001
47.5,46,52.9,1500000US261635727002
31,40.7,26.8,1500000US261635727003
42.6,46.2,41.6,1500000US261635727004
32.6,29.9,40.8,1500000US261635728001
34.9,33.1,39.1,1500000US261635728002
39.5,35.1,49.4,1500000US261635728003
39.2,35.4,43.7,1500000US261635728004
37.7,30.8,44.2,1500000US261635728005
43.6,41,52.1,1500000US261635728006
35.3,34.7,39.5,1500000US261635729001
31.8,30.5,32,1500000US261635729002
44,46.7,40.5,1500000US261635729003
33.2,29.2,36.1,1500000US261635730001
39.8,33.2,42.3,1500000US261635730002
33.8,34,33.5,1500000US261635731001
33.9,31.7,34.8,1500000US261635731002
19.8,24.2,18.5,1500000US261635733001
26.5,22.8,28,1500000US261635733002
41.7,38.8,41.8,1500000US261635734001
20.9,15.6,22.7,1500000US261635734002
27,33.4,25.5,1500000US261635734003
23.8,15,36.9,1500000US261635734004
27.2,30.4,23.1,1500000US261635735001
19.5,19.1,19.7,1500000US261635735002
22,23.5,21.5,1500000US261635736001
23.5,22.8,23.8,1500000US261635736002
27.7,27.3,29.5,1500000US261635736003
24.6,23.6,25.5,1500000US261635736004
25.7,25.1,30.5,1500000US261635736005
37.2,31.2,44.7,1500000US261635736006
22.4,22.8,21.8,1500000US261635737011
38.8,43.6,33.9,1500000US261635737012
27.7,23.7,32.9,1500000US261635737021
25.6,25.7,22.5,1500000US261635737022
21.4,20,22,1500000US261635737023
23,20.1,27.2,1500000US261635737024
24.3,16.8,30.9,1500000US261635737025
25.1,21.6,28.6,1500000US261635738001
31.3,26.8,31.7,1500000US261635738002
28,22.6,28.6,1500000US261635738003
29.4,27.6,30.5,1500000US261635738004
28.5,25.5,34.2,1500000US261635739001
25.1,24.7,25.4,1500000US261635739002
30.7,29.7,31,1500000US261635740001
24.7,27.8,23.9,1500000US261635740002
32.1,33.5,30.5,1500000US261635740003
23.1,19.1,25.4,1500000US261635740004
23.2,23.4,21.3,1500000US261635741001
30.4,32.6,29,1500000US261635741002
27.9,27.8,28,1500000US261635741003
27.1,21.8,29.8,1500000US261635741004
47.1,34.5,68.7,1500000US261635742021
32.8,30.4,33.6,1500000US261635742022
21.8,21.8,-,1500000US261635743001
25.1,28.6,21,1500000US261635743002
28.8,28.2,31,1500000US261635743003
42.9,36.9,45.6,1500000US261635746001
34.4,33,35.6,1500000US261635746002
33.7,33.4,33.9,1500000US261635746003
45.7,47.3,42.5,1500000US261635746004
39.4,39.3,40.3,1500000US261635746005
36.9,20.9,46.6,1500000US261635746006
42,42.7,41.3,1500000US261635746007
28.8,29,27.2,1500000US261635747001
40.8,39.7,48.3,1500000US261635747002
37,21.9,46.3,1500000US261635747003
48.6,45,52.1,1500000US261635747004
34.8,33.2,39.5,1500000US261635747005
42.9,40.9,45.2,1500000US261635748001
31.1,31.6,25.5,1500000US261635748002
49.5,49.5,50.5,1500000US261635748003
45.8,45.5,46.4,1500000US261635748004
35.8,32.4,38.9,1500000US261635748005
60.7,61,56.9,1500000US261635749001
42.1,51,38.1,1500000US261635749002
60.4,52.2,63.6,1500000US261635750001
38.7,38.6,38.8,1500000US261635750002
42.3,37.5,43.9,1500000US261635750003
47.9,49.9,30.9,1500000US261635750004
40.8,40.5,42.4,1500000US261635751001
52.1,56.2,41.4,1500000US261635751002
36.8,35.6,38.4,1500000US261635751003
41.8,29.4,48.7,1500000US261635752001
40.9,39.3,46.5,1500000US261635752002
45.6,32.6,50.5,1500000US261635752003
32,32.9,31,1500000US261635752004
35.3,32.4,35.9,1500000US261635753001
38.5,29.9,46.1,1500000US261635753002
41.1,39.5,45.5,1500000US261635753003
39.9,39.6,43.4,1500000US261635753004
47.9,43.1,54.9,1500000US261635753005
36.3,33.2,42.5,1500000US261635754001
28.6,30.3,27.4,1500000US261635754002
56.1,56.4,54.7,1500000US261635754003
42.1,38.7,48.9,1500000US261635754004
39.9,36.7,45.5,1500000US261635755001
34.4,33.4,37.7,1500000US261635755002
45.6,46.8,41.9,1500000US261635755003
35.2,31.9,38.2,1500000US261635755004
34.2,34.2,32.9,1500000US261635756001
41.5,39.9,45.2,1500000US261635756002
50.6,49.1,52.3,1500000US261635760001
45.5,34.5,48.4,1500000US261635760002
47.4,45.3,49.1,1500000US261635761001
39.7,45.6,33.7,1500000US261635761002
36.2,36.4,35.6,1500000US261635761003
35.3,35.6,35,1500000US261635761004
36,31.9,41.1,1500000US261635761005
47.2,41.8,47.6,1500000US261635762001
43.3,43.6,42.7,1500000US261635762002
53.9,52.4,55.7,1500000US261635762003
45.4,45,50.9,1500000US261635763001
39.7,38.5,41.4,1500000US261635763002
40.2,40.8,38.9,1500000US261635763003
45,45.3,44.8,1500000US261635764001
46.9,42.3,56.1,1500000US261635764002
46.3,39.7,52.8,1500000US261635764003
44.3,37.8,46.5,1500000US261635765001
30.4,31,27.1,1500000US261635765002
51.4,44.6,52.2,1500000US261635765003
38.3,43.2,36.5,1500000US261635765004
47.6,47.9,47.3,1500000US261635765005
35.5,42.2,35.4,1500000US261635766001
44.7,44.9,44.3,1500000US261635766002
39.1,36.7,39.5,1500000US261635766003
47.8,38.8,57.1,1500000US261635766004
48.8,46.8,50.5,1500000US261635767001
48.5,38.2,53.4,1500000US261635767002
37.7,34.4,40.2,1500000US261635767003
38,45.9,31.6,1500000US261635770001
45.1,45.2,39.9,1500000US261635770002
34.4,38.2,30.9,1500000US261635770003
32.8,39.5,30.7,1500000US261635770004
52.1,31.7,52.7,1500000US261635770005
31.7,30.2,41.5,1500000US261635771001
35.6,38.1,35.5,1500000US261635771002
35,40.2,34.1,1500000US261635771003
42.7,34.1,47.8,1500000US261635771004
32.3,31.8,32.6,1500000US261635772001
43.8,42.6,44,1500000US261635772002
25.7,23.7,31.1,1500000US261635772003
39.6,37.7,42.2,1500000US261635773001
46.5,41,53.4,1500000US261635773002
25.7,25.5,32.6,1500000US261635773003
47,45.1,53,1500000US261635773004
34.1,34.7,30.6,1500000US261635774001
49.5,48.7,54.2,1500000US261635774002
36.2,36.7,34.8,1500000US261635774003
42,42.1,36.7,1500000US261635774004
32.9,39.5,29.3,1500000US261635774005
39.9,37.9,44.4,1500000US261635775001
33.8,32.9,33.9,1500000US261635775002
32.6,30.4,37.3,1500000US261635775003
37.6,39.6,33.3,1500000US261635775004
51.6,44.7,56.6,1500000US261635776001
34.2,36.4,29.7,1500000US261635776002
36.4,37.6,33.8,1500000US261635776003
27.1,21.7,32.6,1500000US261635776004
39.5,41.7,39.2,1500000US261635777001
42.7,42.2,46.2,1500000US261635777002
35.5,41.8,28.5,1500000US261635778001
49.8,43.7,52.3,1500000US261635778002
38.1,33.9,38.6,1500000US261635778003
39.9,41.8,38.6,1500000US261635778004
27.9,16.7,32.4,1500000US261635778005
37.3,36,37.9,1500000US261635779001
38.1,30.3,48.2,1500000US261635779002
28.3,30.2,27.8,1500000US261635779003
25.4,22.5,29.1,1500000US261635779004
36.5,36.3,37.2,1500000US261635779005
37.3,51.8,35.5,1500000US261635780001
32.5,32.8,31.7,1500000US261635780002
36.7,24.2,40.9,1500000US261635780003
24.5,28.3,23.1,1500000US261635785001
35.3,31.5,42,1500000US261635785002
38.1,49.2,35.5,1500000US261635785003
18.6,17.9,30.2,1500000US261635785004
34.6,28.1,41,1500000US261635785005
35.5,34,41,1500000US261635786001
30.3,25.8,36,1500000US261635786002
31.2,33,27.6,1500000US261635786003
45.1,49.6,36.7,1500000US261635791001
30.8,31,30.7,1500000US261635791002
42.7,46.4,35.6,1500000US261635792001
27.5,16.5,32.3,1500000US261635792002
38.7,38.5,40.3,1500000US261635792003
55.5,55.1,55.8,1500000US261635792004
50.5,47.9,50.7,1500000US261635793001
29.8,22.9,33.4,1500000US261635793002
50.9,51.1,43.7,1500000US261635795001
34.9,34.9,35.1,1500000US261635795002
48,51.5,36.8,1500000US261635796001
33.2,34.9,32.4,1500000US261635796002
44.1,44.5,36.5,1500000US261635796003
57.1,52.2,64.2,1500000US261635796004
36.5,39.3,31.1,1500000US261635797001
38.3,31.7,44.7,1500000US261635797002
57.1,57.3,55.8,1500000US261635797003
26.8,26.1,33.4,1500000US261635798001
24.3,23.4,24.9,1500000US261635798002
24.8,24.9,24.2,1500000US261635799001
45.1,44.7,45.5,1500000US261635799002
40.4,42.9,37.2,1500000US261635799003
32.2,24.1,35.3,1500000US261635799004
42.7,46.6,39.3,1500000US261635801001
40.4,41.7,38.3,1500000US261635801002
36.7,33.9,37.8,1500000US261635801003
49.4,52.5,48.3,1500000US261635802001
37.7,32.7,40.7,1500000US261635802002
38.5,33.3,44,1500000US261635802003
45.9,53.2,45.3,1500000US261635802004
55.4,53.5,58.7,1500000US261635803001
34.6,34.6,34.5,1500000US261635803002
34.2,29.9,35.6,1500000US261635803003
36.2,38.6,34.2,1500000US261635804001
43.7,40.3,50.4,1500000US261635804002
42.2,38.4,43.3,1500000US261635805001
53.3,53.1,55.4,1500000US261635805002
47.5,45.8,48.6,1500000US261635805003
45.7,47.3,45.1,1500000US261635806001
39.2,41,38.4,1500000US261635806002
41.2,40.9,41.4,1500000US261635806003
45.8,47.2,45.4,1500000US261635807001
64.2,46.9,69.9,1500000US261635807002
41.9,36.6,45.6,1500000US261635807003
49.6,49.6,49.6,1500000US261635807004
33.7,36.4,32.2,1500000US261635807005
38.2,39.5,37.7,1500000US261635808001
46.5,46.6,45.9,1500000US261635808002
46.2,44.5,46.5,1500000US261635809001
27.9,30.1,25.4,1500000US261635809002
44.6,29.7,53.4,1500000US261635809003
36.9,36.8,37,1500000US261635809004
42.1,39.7,44.1,1500000US261635811001
30.5,31.4,28,1500000US261635811002
51.9,49.9,55.4,1500000US261635811003
62.2,58.8,62.9,1500000US261635812001
55,51.6,61,1500000US261635812002
50.3,51.1,46.9,1500000US261635815001
38.5,39,38.1,1500000US261635815002
38.3,37.3,46.2,1500000US261635816001
58.9,62.5,57.5,1500000US261635816002
35,42.3,32.6,1500000US261635816003
37.9,39.7,37.6,1500000US261635816004
42.2,31.6,46.1,1500000US261635818001
38.2,34.1,39.7,1500000US261635818002
42.7,42.9,42.5,1500000US261635818003
32.2,32.3,29.8,1500000US261635819001
33.2,32.3,33.9,1500000US261635819002
39.7,40.1,39.5,1500000US261635819003
50.7,45.9,51.2,1500000US261635819004
43.5,43.8,43.3,1500000US261635819005
44.4,44.4,44.3,1500000US261635820001
42,44.5,40.8,1500000US261635820002
29.6,28.8,30,1500000US261635820003
51.8,51.5,52.2,1500000US261635821001
50.9,48.2,56.4,1500000US261635821002
44.3,42,47.5,1500000US261635821003
53.3,53.4,51.9,1500000US261635821004
39.8,39,39.9,1500000US261635821005
47.8,51.1,46.1,1500000US261635830001
37.8,31.9,43.5,1500000US261635830002
37.6,35,41.2,1500000US261635830003
37,42.8,36.5,1500000US261635831001
39.9,39.1,41.5,1500000US261635831002
55.1,40.3,57.9,1500000US261635831003
35.9,26.9,42.3,1500000US261635831004
31.4,29.5,31.8,1500000US261635831005
53,48.7,54.2,1500000US261635832001
39.7,39.7,39.7,1500000US261635832002
35.8,29.2,37.9,1500000US261635832003
45.7,46.6,43.5,1500000US261635833001
37.2,36.3,40.9,1500000US261635833002
29.3,27.9,34.4,1500000US261635834001
36.4,35.3,37.7,1500000US261635834002
33.9,32.6,34,1500000US261635834003
41.2,40.2,46.1,1500000US261635834004
47.9,38.2,50.4,1500000US261635834005
48.3,48.3,46,1500000US261635835001
44.4,43.6,44.9,1500000US261635835002
42.3,40.4,44.9,1500000US261635835003
42.2,42.2,44.2,1500000US261635836001
43.1,45.7,42.5,1500000US261635836002
35.6,34.6,45.4,1500000US261635836003
50,35.8,54.9,1500000US261635837001
32.8,19.8,32.8,1500000US261635837002
49.4,50.7,40.7,1500000US261635837003
40.7,40.7,40.8,1500000US261635837004
37.7,44.3,34,1500000US261635838001
47.7,46.6,50.4,1500000US261635838002
37,34.8,40.1,1500000US261635838003
45,40.9,47.4,1500000US261635839001
35.9,35.1,40.4,1500000US261635839002
42.6,38.1,48.6,1500000US261635839003
30.5,27,40.3,1500000US261635840001
45.6,32.5,49.9,1500000US261635840002
32.9,33.6,32.7,1500000US261635840003
38.6,34.7,48.2,1500000US261635841001
48.9,49.4,45.7,1500000US261635841002
47.1,42.2,51,1500000US261635842001
40,31.6,45.1,1500000US261635842002
35.5,28.4,43.4,1500000US261635843001
38.5,35.3,38.8,1500000US261635843002
46.3,47.8,31.9,1500000US261635844001
37.7,35.5,40.3,1500000US261635844002
37.3,32.8,44.6,1500000US261635845001
46.1,43.6,51.5,1500000US261635845002
28.2,23.9,28.6,1500000US261635846001
54.4,49.7,57.2,1500000US261635846002
47.8,48.5,46.3,1500000US261635847001
46,46.5,43.7,1500000US261635847002
23.6,17.9,26.3,1500000US261635848001
17.9,10.6,25.2,1500000US261635848002
31.1,31.4,29.1,1500000US261635848003
33.4,31.2,34.7,1500000US261635848004
35,39.1,34.6,1500000US261635855001
37.6,22.9,40.2,1500000US261635855002
30.5,25.4,37.2,1500000US261635856001
39.8,33.9,40.7,1500000US261635856002
32.1,29.7,33.8,1500000US261635857001
40.3,37.3,40.8,1500000US261635857002
32.5,32.1,34.2,1500000US261635858001
38.5,24.8,48.3,1500000US261635858002
30.6,30.4,31.3,1500000US261635859001
59.3,63.6,54.4,1500000US261635859002
43.7,45.8,39.5,1500000US261635859003
51.4,54.2,32.8,1500000US261635859004
37.4,30.5,37.8,1500000US261635862001
30.9,30.8,31,1500000US261635862002
40.1,43.3,38.1,1500000US261635862003
30.6,30.1,36.7,1500000US261635862004
35.2,32,35.9,1500000US261635863001
51.2,48.9,53,1500000US261635863002
53.1,55.5,49.4,1500000US261635870001
42.2,41.9,42.5,1500000US261635870002
34.7,34.9,34.4,1500000US261635870003
44.2,37.1,48.2,1500000US261635879001
45.6,45.3,45.7,1500000US261635879002
32.8,35.3,32.4,1500000US261635879003
42,40,42.8,1500000US261635880001
30.3,28.2,32.8,1500000US261635880002
33.5,33.4,33.5,1500000US261635880003
38.4,37.5,38.8,1500000US261635881001
42.5,42.2,42.9,1500000US261635881002
30.5,25.1,42.4,1500000US261635882001
29.8,28.5,34,1500000US261635882002
46.2,48.3,44.8,1500000US261635883001
44.9,42.9,50.8,1500000US261635883002
48.1,48.2,47.9,1500000US261635883003
41.7,38.2,45,1500000US261635884001
53.3,53.6,53.1,1500000US261635884002
44.3,44.3,44.1,1500000US261635884003
44.8,44.4,45.3,1500000US261635893001
52.7,52.6,52.8,1500000US261635893002
44.5,43.6,45.8,1500000US261635893003
55.1,53.3,55.4,1500000US261635893004
31.6,30.5,35.5,1500000US261635894001
25.6,31.8,25.2,1500000US261635894002
45.4,46.8,44.3,1500000US261635894003
41.5,38.6,52.1,1500000US261635894004
39.5,40.7,28.5,1500000US261635894005
40.2,35.2,40.7,1500000US261635904001
50.4,50.3,50.5,1500000US261635904002
33.7,34.5,33,1500000US261635904003
45.9,49.1,40.7,1500000US261635905001
49.5,49.1,53.3,1500000US261635905002
33.2,33.7,32.4,1500000US261635905003
53.2,43.6,57.1,1500000US261635905004
45.3,45.6,44.9,1500000US261635906001
48.8,52.2,48.2,1500000US261635906002
40.7,33.4,43.8,1500000US261635915011
42.8,45.4,42.5,1500000US261635915012
42.5,40.5,44.2,1500000US261635915021
41.9,46.4,40.4,1500000US261635916001
36.8,37.3,36.2,1500000US261635916002
44.8,46.7,44.2,1500000US261635917001
43.3,43.2,43.6,1500000US261635917002
47,47.1,47,1500000US261635917003
37.3,30.8,44.8,1500000US261635918001
43.2,42.1,46.4,1500000US261635918002
39.3,35.5,50.5,1500000US261635918003
42.1,35.8,42.8,1500000US261635919001
48.1,30.9,52.6,1500000US261635919002
28.8,53.5,24.5,1500000US261635919003
50.3,43.5,50.8,1500000US261635919004
46,47.8,33.8,1500000US261635920001
38.7,38.8,38.5,1500000US261635920002
52.1,50.4,57.2,1500000US261635930001
39.1,40.6,37.1,1500000US261635930002
50,45.1,50.6,1500000US261635930003
49.8,47.9,51.1,1500000US261635932001
42,45.5,40.2,1500000US261635932002
49.5,46.1,54,1500000US261635933001
37.6,38.3,37.3,1500000US261635933002
55.5,52.7,57.7,1500000US261635940001
35.4,33.8,38.8,1500000US261635940002
34,28.2,56.3,1500000US261635940003
54.6,37.8,60,1500000US261635941001
46.7,51.1,39.8,1500000US261635941002
46.6,53.1,41.9,1500000US261635941003
52.2,43.8,54.2,1500000US261635941004
51.4,35,57.7,1500000US261635942001
47.3,36.9,48.3,1500000US261635942002
48.7,46.8,50,1500000US261635942003
48.3,43,49.4,1500000US261635943001
48.6,43.4,52,1500000US261635943002
45.1,45.8,41.9,1500000US261635943003
42.5,41.1,45.6,1500000US261635944001
48.2,49.2,47.8,1500000US261635944002
48,45,48.8,1500000US261635945001
51.2,49.3,51.5,1500000US261635945002
50.2,50.2,48,1500000US261635950001
43.5,46.1,40.8,1500000US261635950002
47.4,42.8,66.5,1500000US261635950003
38.7,39.2,38.3,1500000US261635950004
54.3,37.6,67.6,1500000US261635950005
57.1,52.1,57.7,1500000US261635951001
37.8,30.7,41.1,1500000US261635951002
43.6,43.6,44,1500000US261635951003
53.5,40.2,61.2,1500000US261635951004
31.6,51.3,31.3,1500000US261635952001
43,43,43,1500000US261635952002
57.4,56.4,66,1500000US261635952003
56.5,55.5,56.8,1500000US261635961001
42.8,42.2,47.6,1500000US261635961002
54,55.6,53.2,1500000US261635961003
65.3,66.1,64.2,1500000US261635961004
58.5,58.2,58.8,1500000US261635962001
60.9,61,60.7,1500000US261635962002
40.8,34.4,44.8,1500000US261635962003
47.4,49.8,45.6,1500000US261635963001
51,49.6,56.5,1500000US261635963002
48.7,48.4,50.2,1500000US261635970001
47.6,46,48.5,1500000US261635970002
38.2,38.3,38.1,1500000US261635970003
46.3,39.2,46.5,1500000US261635980001
44.6,29.5,46.3,1500000US261635980002
42.5,45.2,39.2,1500000US261635980003
56.9,56.2,59.5,1500000US261635980004
28.1,22.3,36.4,1500000US261635990001
37.5,35.1,41.8,1500000US261635990002
38.9,34.3,42.2,1500000US261635990003
48,46.7,51.8,1500000US261635991001
36.6,36.4,40.1,1500000US261635991002
29.3,28.3,39.2,1500000US261635991003
39.7,39.3,41.8,1500000US261635991004
-,-,-,1500000US261639850001
36.2,34.9,37.3,1500000US261639851001
-,-,-,1500000US261639852001
30.3,32.3,30,1500000US261639853001
59.3,-,59.3,1500000US261639854001
-,-,-,1500000US261639855001
-,-,-,1500000US261639856001
-,-,-,1500000US261639857001
-,-,-,1500000US261639859001
-,-,-,1500000US261639901000
-,-,-,1500000US261639902000
