,PR,Avg_Count
0,4208040.0,9299.0
1,799108.0,36377.28571428572
2,803208.0,9995.625
3,803209.0,6971.0
4,803009.0,26955.833333333332
5,804806.0,44749.0
6,803608.0,53617.75
7,801509.0,15644.0
8,4210208.0,50474.333333333336
9,805502.0,1261.3333333333333
10,801108.0,3312.0
11,800602.0,2795.0
12,798501.0,123963.77777777778
13,1740505.0,7194.0
14,1740305.0,9512.333333333334
15,801409.0,10383.0
16,1740506.0,3671.0
17,1740302.0,13645.666666666666
18,800604.0,6746.0
19,800508.0,1726.0
20,800603.0,2951.0
21,800510.0,3845.0
22,800605.0,798.0
23,800509.0,4615.0
24,801510.0,6485.0
25,801601.0,4031.0
26,801105.0,3772.0
27,801106.0,4268.0
28,1740401.0,24161.333333333332
29,1740508.0,4864.0
30,1740402.0,18260.333333333332
31,1740201.0,127703.66666666667
32,4208203.0,12437.0
33,833209.0,12518.0
34,803101.0,18818.6
35,800009.0,18225.0
36,800010.0,7832.0
37,806006.0,18975.666666666668
38,803401.0,21757.0
39,805105.0,17444.666666666668
40,803410.0,17879.909090909092
41,798407.0,17556.4
42,803605.0,26679.8
43,835704.0,5386.0
44,828307.0,8039.0
45,802410.0,6168.0
46,805203.0,15727.75
47,803006.0,15894.42857142857
48,847401.0,1636.0
49,4208277.0,571.0
50,805804.0,7722.0
51,811303.0,4223.0
52,1835407.0,5631.0
53,804109.0,2913.0
54,812208.0,21979.0
55,820606.0,11216.0
56,799603.0,4436.0
57,4211479.0,3645.0
58,799402.0,26136.6
59,812702.0,8234.0
60,803110.0,5612.0
61,798703.0,18114.8
62,4208296.0,1241.0
63,809106.0,9753.75
64,798408.0,19705.5
65,825404.0,9081.0
66,4204196.0,5729.0
67,801010.0,9507.0
68,808510.0,8402.5
69,798909.0,19877.5
70,4718263.0,13334.25
71,827505.0,4967.0
72,4208744.0,14050.666666666666
73,798910.0,8844.0
74,4718268.0,5422.333333333333
75,803308.0,4231.0
76,802104.0,7701.25
77,802703.0,2085.75
78,802408.0,4423.0
79,803604.0,5401.5
80,799110.0,53382.0
81,809107.0,5119.0
82,803610.0,3510.0
83,843902.0,3217.0
84,4211435.0,2177.0
85,799302.0,22876.0
86,798810.0,30599.666666666668
87,804507.0,4592.5
88,4211898.0,12357.0
89,803008.0,5244.0
90,841910.0,2831.3333333333335
91,802903.0,2542.5
92,4211434.0,16423.333333333332
93,800709.0,6874.0
94,844409.0,4337.0
95,5491476.0,1864.0
96,1740304.0,4768.0
97,1740510.0,4768.0
98,1740602.0,602.0
99,1740603.0,4768.0
100,798506.0,4768.0
101,798601.0,2601.0
102,801201.0,3629.0
103,825403.0,2785.0
104,828103.0,265.0
105,4208035.0,2576.0
106,4208681.0,1873.0
107,,
108,812205.0,4636.0
109,812206.0,4636.0
110,812207.0,4636.0
111,4204233.0,4768.0
112,846504.0,3183.0
113,802304.0,2401.0
114,798602.0,3353.0
115,811503.0,2201.0
116,799707.0,1066.5
117,811808.0,4430.0
118,798902.0,1925.0
119,819304.0,867.0
120,803307.0,4049.0
121,805007.0,2040.0
122,806307.0,1628.0
123,811007.0,2919.0
124,4211476.0,1264.0
125,4200036.0,1452.0
126,805404.0,12578.0
127,805405.0,9200.0
128,798708.0,2169.0
129,841506.0,765.0
130,802804.0,6622.0
131,801102.0,16750.0
132,801507.0,8880.0
133,801009.0,8878.0
134,801508.0,4134.0
135,801101.0,3193.0
136,1740210.0,5699.0
137,1740410.0,5575.0
138,1740409.0,9509.0
139,1740301.0,10652.0
140,1740204.0,5774.0
141,4208095.0,7339.0
142,1740604.0,22728.0
143,1740306.0,23467.0
144,801505.0,1318.0
145,1740408.0,9706.0
146,1740209.0,8717.0
147,800906.0,5972.0
148,801410.0,5923.0
149,801501.0,11132.0
150,800909.0,10612.0
151,801001.0,3996.0
152,801502.0,4360.0
153,801004.0,8519.0
154,801503.0,9635.0
155,801006.0,14080.5
156,801008.0,15932.5
157,1740308.0,27086.5
158,801506.0,2069.0
159,801504.0,612.0
160,1740507.0,25360.0
161,1740206.0,12619.0
162,1740405.0,12755.0
163,1740406.0,4889.0
164,1740207.0,4737.0
165,1740203.0,13802.0
166,1740403.0,13403.0
167,1740404.0,9291.0
168,1740205.0,9600.0
169,1740110.0,7060.0
170,1740309.0,6068.0
171,1740310.0,7623.0
172,1740202.0,6822.0
173,1740407.0,15826.0
174,1740208.0,16428.0
175,614101.0,45274.0
176,664908.0,4997.0
177,634003.0,24780.625
178,710106.0,66322.25
179,633409.0,8215.142857142857
180,633807.0,19359.0
181,644205.0,5108.75
182,710508.0,8541.25
183,4413543.0,686.0
184,4104142.0,17978.875
185,657303.0,34213.833333333336
186,647308.0,91466.3
187,710701.0,117917.85714285714
188,710703.0,82818.0
189,633804.0,6582.5
190,663707.0,7719.5
191,634208.0,34973.333333333336
192,710402.0,23271.666666666668
193,640906.0,10428.0
194,640905.0,4084.0
195,640907.0,7980.0
196,640908.0,11438.0
197,686307.0,479.0
198,710010.0,59918.375
199,646902.0,8305.2
200,646702.0,3400.8
201,639202.0,170206.0
202,1903903.0,149889.5
203,633903.0,14637.0
204,657108.0,8043.0
205,657109.0,3442.0
206,639203.0,6704.5
207,634201.0,4681.0
208,634110.0,1468.0
209,4416467.0,6405.0
210,1904006.0,5824.0
211,1904107.0,3122.0
212,1904103.0,3341.0
213,710410.0,6621.0
214,710401.0,5934.0
215,710409.0,4825.0
216,710310.0,4295.0
217,710309.0,6795.0
218,710408.0,7847.0
219,607606.0,27515.0
220,710501.0,28997.333333333332
221,652609.0,27278.0
222,1738907.0,10117.0
223,1738902.0,18341.0
224,1904104.0,9837.0
225,1904105.0,11701.0
226,1903907.0,5225.0
227,1903801.0,9839.0
228,1903908.0,10009.0
229,1903802.0,11843.0
230,1903909.0,15573.0
231,694201.0,6575.0
232,664209.0,4370.0
233,664304.0,9024.0
234,4413584.0,5896.0
235,664302.0,1698.0
236,664210.0,5716.0
237,664303.0,4288.0
238,694108.0,11982.0
239,1738904.0,15884.0
240,1738903.0,21864.0
241,1738809.0,6061.0
242,1738810.0,4992.0
243,1738908.0,8914.0
244,1738901.0,8750.0
245,637801.0,7292.0
246,1903902.0,8197.0
247,1904001.0,9289.0
248,1904003.0,5903.0
249,1904008.0,5746.0
250,1904004.0,9971.0
251,656510.0,19135.0
252,607703.0,6088.0
253,4400088.0,8950.0
254,634509.0,6225.666666666667
255,4410282.0,10321.5
256,4462980.0,21614.6
257,607408.0,21085.88888888889
258,5499983.0,4255.25
259,625804.0,19058.555555555555
260,5500000.0,18225.0
261,684404.0,10357.125
262,633603.0,7438.0
263,607709.0,13398.0
264,684801.0,7564.0
265,4410215.0,3032.0
266,617206.0,21444.5
267,607204.0,36720.0
268,652509.0,20137.0
269,619207.0,4105.0
270,644004.0,19278.75
271,618210.0,7132.5
272,659810.0,28125.666666666668
273,666003.0,12507.0
274,634005.0,12903.0
275,632903.0,10966.5
276,4400056.0,8025.0
277,638109.0,10937.666666666666
278,648307.0,28179.666666666668
279,633802.0,7669.5
280,616805.0,5309.333333333333
281,636410.0,8345.57142857143
282,646806.0,18025.833333333332
283,616302.0,1717.0
284,685510.0,15444.666666666666
285,684507.0,3070.0
286,611106.0,7371.2
287,665304.0,5949.0
288,625408.0,13265.0
289,1852108.0,5539.0
290,623006.0,5478.0
291,641102.0,19683.0
292,644806.0,16008.625
293,683906.0,19956.875
294,634610.0,15291.5
295,688107.0,5837.0
296,644402.0,8868.0
297,618807.0,4501.0
298,4413538.0,23572.5
299,613803.0,12870.666666666666
300,611304.0,39075.0
301,633806.0,10089.0
302,680107.0,12418.5
303,622906.0,9323.5
304,618802.0,6684.666666666667
305,610103.0,3820.0
306,648106.0,7523.0
307,693006.0,22696.0
308,634202.0,3384.0
309,634206.0,13005.5
310,642306.0,13861.0
311,642501.0,4937.5
312,4412717.0,5443.0
313,710005.0,3004.5
314,613810.0,10551.5
315,4412705.0,4529.333333333333
316,633904.0,7428.0
317,4415861.0,11228.5
318,686405.0,2335.0
319,4410043.0,4662.0
320,686303.0,6883.0
321,665901.0,7273.333333333333
322,710502.0,5549.0
323,710403.0,8383.0
324,710503.0,5753.0
325,710404.0,3268.0
326,1904102.0,5634.0
327,666706.0,7494.0
328,620005.0,10516.0
329,4400125.0,5525.0
330,4463518.0,5677.0
331,619905.0,4120.0
332,656010.0,5903.5
333,610804.0,2843.0
334,611204.0,10380.0
335,621305.0,5215.0
336,613807.0,3757.0
337,613706.0,1695.0
338,613802.0,2166.0
339,633209.0,7743.666666666667
340,4410108.0,3899.0
341,634001.0,3089.0
342,632807.0,1277.0
343,4404524.0,13685.0
344,634102.0,5977.0
345,633708.0,3345.0
346,637710.0,1212.0
347,633606.0,5795.0
348,637803.0,4691.0
349,634108.0,2389.0
350,642609.0,2082.0
351,643301.0,1889.0
352,642808.0,1053.0
353,642503.0,4551.0
354,643103.0,3738.0
355,642807.0,1595.0
356,642805.0,650.0
357,1812608.0,15.0
358,646708.0,1875.0
359,647006.0,5326.0
360,647603.0,8448.0
361,658204.0,11464.0
362,607610.0,4294.0
363,607607.0,2010.0
364,665103.0,1743.0
365,4409248.0,2048.0
366,644903.0,1899.0
367,644905.0,5288.0
368,651908.0,3767.6666666666665
369,671705.0,4703.0
370,671706.0,2925.0
371,671806.0,5279.75
372,1890902.0,1713.0
373,671703.0,754.0
374,4416278.0,408.0
375,644706.0,1811.3333333333333
376,681804.0,148.0
377,680804.0,1529.0
378,4415779.0,1523.0
379,644705.0,4382.5
380,4408769.0,320.0
381,4407473.0,1937.0
382,644506.0,4347.0
383,645301.0,1110.0
384,652303.0,573.0
385,644803.0,4180.0
386,644804.0,8673.333333333334
387,4415777.0,3103.0
388,681802.0,1330.5
389,652306.0,4451.5
390,612708.0,7421.0
391,681404.0,4045.0
392,663607.0,9146.0
393,684704.0,8476.0
394,686207.0,1019.0
395,686906.0,10500.0
396,687608.0,1893.0
397,1903708.0,12268.0
398,4410517.0,9520.0
399,684205.0,9180.0
400,4462982.0,4763.0
401,4400087.0,2697.0
402,686105.0,7309.0
403,982010.0,3787.0
404,710006.0,5103.0
405,710509.0,7816.0
406,710603.0,3807.0
407,710510.0,2926.0
408,687802.0,6813.0
409,4415716.0,2341.0
410,4415717.0,2614.0
411,710610.0,19450.0
412,710607.0,10280.0
413,686104.0,3127.0
414,710608.0,4689.0
415,710605.0,5092.5
416,709910.0,1052.0
417,684602.0,4070.0
418,710001.0,3285.0
419,688303.0,4985.0
420,4700041.0,1843.0
421,710107.0,13949.0
422,710109.0,17156.0
423,710108.0,4146.0
424,710101.0,15410.0
425,710104.0,10381.0
426,663706.0,4494.0
427,710105.0,955.0
428,1813003.0,30013.0
429,1813004.0,19390.0
430,1813005.0,13173.0
431,688708.0,3019.0
432,688709.0,4353.0
433,688506.0,3262.0
434,710601.0,4189.0
435,710602.0,6028.0
436,687506.0,6603.0
437,4462981.0,4648.0
438,686101.0,4841.0
439,710604.0,1296.0
440,4400160.0,3543.0
441,1903809.0,902.0
442,1903810.0,3986.0
443,1903906.0,3473.0
444,1903709.0,4323.0
445,1903710.0,5435.0
446,1903901.0,4845.0
447,1903910.0,3910.0
448,1903806.0,8822.0
449,1903808.0,14176.0
450,1903904.0,22617.5
451,694109.0,7762.0
452,682608.0,16717.0
453,682607.0,4815.0
454,682606.0,11740.0
455,682605.0,5831.0
456,694110.0,1565.0
457,691504.0,6252.0
458,691505.0,4132.0
459,691506.0,4798.0
460,1854303.0,4343.0
461,1854305.0,6438.0
462,1904005.0,11884.0
463,1904106.0,14530.0
464,1903607.0,16554.0
465,637802.0,42980.0
466,4410620.0,18187.0
467,656710.0,1883.0
468,639103.0,6858.0
469,4410621.0,6398.0
470,1915508.0,6785.0
471,1915509.0,2446.0
472,1604102.0,14479.333333333334
473,1600604.0,19132.0
474,4700038.0,47185.2
475,1580605.0,1244.0
476,1580606.0,1167.0
477,1577706.0,84730.4375
478,1817406.0,38814.5
479,802803.0,42895.5
480,1600206.0,27309.909090909092
481,1579605.0,8725.333333333334
482,1576405.0,118098.8918918919
483,1595510.0,37087.46666666667
484,1577006.0,4204.5
485,1589709.0,395.0
486,4707953.0,5444.375
487,4718307.0,2537.25
488,1602506.0,9612.5
489,1604508.0,9264.25
490,4705605.0,6101.4
491,1881002.0,414.0
492,1592105.0,29075.0
493,4718578.0,11793.0
494,1592010.0,79121.54545454546
495,1588802.0,34567.0
496,1592408.0,93277.95238095238
497,1577509.0,72913.61904761905
498,1578006.0,8206.0
499,4705742.0,17683.125
500,4700028.0,15983.0
501,1600802.0,12803.0
502,1579409.0,2669.0
503,1579410.0,1908.0
504,1579502.0,2178.0
505,1580104.0,3798.0
506,1591301.0,3277.0
507,4705636.0,10042.0
508,4702010.0,7932.0
509,0.0,8837.0
510,1590602.0,2812.0
511,1578710.0,9907.0
512,4712150.0,5955.0
513,4712151.0,5718.0
514,4712153.0,4418.0
515,4712152.0,9055.0
516,1576701.0,13672.0
517,1578404.0,3713.0
518,1578405.0,3241.0
519,1578406.0,6951.0
520,1588904.0,15020.5
521,4718584.0,7164.0
522,1589403.0,4491.0
523,1589404.0,8319.0
524,1576710.0,9033.0
525,1576709.0,4909.0
526,1588908.0,8317.0
527,1578709.0,3463.0
528,1592302.0,1994.0
529,1592303.0,5168.0
530,1589406.0,2707.0
531,1595203.0,7058.0
532,1581403.0,8351.0
533,1592004.0,7491.0
534,1589704.0,1092.0
535,1581401.0,5771.0
536,1592008.0,7760.0
537,1595210.0,1601.0
538,4705456.0,9646.0
539,4705460.0,5920.0
540,1576707.0,8018.0
541,4705459.0,8378.0
542,4718585.0,2966.0
543,4706189.0,5057.0
544,1577409.0,19378.0
545,1577309.0,1385.0
546,1589010.0,2385.0
547,1589009.0,1061.0
548,1577301.0,876.0
549,1577303.0,638.0
550,1581702.0,12607.666666666666
551,1582104.0,11342.666666666666
552,4710307.0,1275.0
553,1581705.0,884.0
554,1581704.0,20046.0
555,4710382.0,12904.5
556,1587905.0,8964.0
557,4710282.0,5591.0
558,4710000.0,3710.0
559,1577910.0,4390.0
560,1804007.0,1639.0
561,1607802.0,179715.66666666666
562,1577404.0,55578.0
563,1840807.0,7738.0
564,1606201.0,111085.6
565,1840806.0,8233.0
566,1576808.0,16732.0
567,1576804.0,8543.0
568,1580004.0,17458.0
569,1578403.0,5264.0
570,1577103.0,13402.842105263158
571,4705723.0,18481.0
572,1591103.0,17126.75
573,1591007.0,3495.0
574,1585902.0,4032.5
575,1586201.0,8259.666666666666
576,1576908.0,7872.5
577,1577003.0,4115.0
578,4706627.0,4473.0
579,1803401.0,4539.0
580,4718370.0,2446.0
581,1648601.0,1457.0
582,1648602.0,1069.0
583,1579905.0,18499.0
584,1592207.0,5056.0
585,4719476.0,4096.0
586,1594407.0,4077.0
587,4719477.0,4819.0
588,1585605.0,9872.0
589,1591208.0,5489.0
590,1592509.0,3341.0
591,1595302.0,2905.0
592,1592510.0,4619.0
593,1595303.0,4015.0
594,1592507.0,4134.0
595,1589702.0,4615.0
596,1595301.0,5050.0
597,1592508.0,5203.0
598,1592601.0,2945.0
599,1595304.0,2529.0
600,1592602.0,3737.0
601,1595305.0,4468.0
602,1592606.0,1256.0
603,1585602.0,49808.0
604,4705745.0,29634.5
605,4700017.0,6821.0
606,1591206.0,934.0
607,1595307.0,6404.0
608,1586202.0,4279.0
609,1585905.0,5029.0
610,4710302.0,2044.0
611,1585906.0,1699.0
612,1586108.0,6274.0
613,1585710.0,6196.0
614,1585908.0,4974.0
615,1586204.0,4356.0
616,1586106.0,3648.0
617,1585707.0,1844.0
618,1586107.0,3107.0
619,1585709.0,3481.0
620,1586205.0,2253.0
621,1586001.0,1864.0
622,4700022.0,4587.0
623,4700024.0,11569.0
624,1586104.0,3214.0
625,1585702.0,3557.0
626,1586105.0,7841.0
627,1591109.0,5009.333333333333
628,4707198.0,3243.5
629,1591110.0,5698.0
630,1586102.0,5955.0
631,1585608.0,6275.0
632,1586103.0,8515.0
633,1585610.0,10787.0
634,1595102.0,4477.0
635,1595103.0,6740.0
636,4705635.0,2581.0
637,1592607.0,3924.0
638,1585409.0,14395.0
639,4710291.0,4941.0
640,4710292.0,10375.0
641,1585904.0,22065.333333333332
642,1595507.0,1830.0
643,1585501.0,8569.0
644,1590503.0,34302.0
645,1591108.0,11042.0
646,1585403.0,4498.0
647,1585006.0,5552.0
648,1585004.0,1643.0
649,4705710.0,3827.0
650,1585404.0,3134.0
651,1585007.0,5179.0
652,1581402.0,1413.0
653,1590406.0,17955.0
654,4700030.0,17828.0
655,1585506.0,9791.0
656,1586008.0,11694.0
657,1586009.0,11378.0
658,1585510.0,13834.0
659,1585003.0,7028.0
660,1585002.0,3028.0
661,1924006.0,5953.0
662,1586004.0,11389.0
663,1876808.0,2605.0
664,1579101.0,4142.0
665,1600502.0,4533.0
666,1600108.0,5587.0
667,1600503.0,3969.0
668,1600203.0,5182.0
669,1876805.0,2831.0
670,1876807.0,3581.0
671,4718919.0,7544.0
672,4718929.0,986.0
673,4718923.0,7923.0
674,4718927.0,2841.5
675,4718928.0,984.0
676,4718922.0,1151.0
677,4718926.0,9512.5
678,4718925.0,5266.0
679,4718921.0,5121.0
680,4718924.0,3065.0
681,1591909.0,9802.0
682,1591910.0,5309.0
683,1592001.0,18540.0
684,1591905.0,10368.0
685,1582603.0,5248.0
686,1591903.0,15357.0
687,4719004.0,2080.0
688,1591902.0,22214.666666666668
689,1584802.0,51118.0
690,1577408.0,13543.7
691,1581706.0,2581.0
692,1582008.0,2993.0
693,1590707.0,5044.0
694,1590708.0,2373.0
695,4710306.0,6096.0
696,4702009.0,31293.5
697,1577402.0,4481.0
698,1585010.0,8076.0
699,5494513.0,222.0
700,1590404.0,2554.0
701,1606501.0,1115.0
702,1591901.0,15108.75
703,1590510.0,8961.0
704,1591904.0,22868.333333333332
705,1590601.0,12924.0
706,1590508.0,14793.0
707,4710305.0,10061.0
708,1590509.0,5281.0
709,1590604.0,6374.0
710,5500333.0,7881.75
711,1581608.0,2721.0
712,1590703.0,34577.0
713,1590605.0,6250.0
714,1590710.0,7272.0
715,1590606.0,7272.0
716,1590801.0,6914.0
717,4711490.0,10857.0
718,4705258.0,8097.875
719,1590702.0,6627.0
720,5494515.0,121.0
721,1633207.0,124.0
722,4705254.0,4300.0
723,1595808.0,8457.0
724,1582010.0,4192.0
725,1582009.0,999.0
726,4700037.0,1770.0
727,1581906.0,3818.0
728,4710288.0,1063.0
729,4705231.0,9080.5
730,1594410.0,3757.0
731,4700029.0,17219.0
732,1580309.0,5766.0
733,4710290.0,15703.0
734,1589003.0,4653.5
735,1651008.0,15104.0
736,4718366.0,334.0
737,1580009.0,4260.0
738,1589705.0,14356.5
739,4705601.0,1006.0
740,1615502.0,1251.0
741,1606203.0,18647.25
742,1680701.0,14815.615384615385
743,1581510.0,2114.0
744,1700106.0,14375.857142857143
745,4412701.0,18495.5
746,1594602.0,19467.0
747,1651002.0,17931.636363636364
748,4705756.0,22258.333333333332
749,1594605.0,11020.5
750,1591205.0,2907.0
751,4711889.0,1440.75
752,1598107.0,3247.0
753,1627903.0,2854.6666666666665
754,4705574.0,805.0
755,1596409.0,12270.5
756,1610105.0,995.0
757,1582209.0,1984.0
758,4705855.0,2665.5
759,1598410.0,3198.5
760,4705554.0,1803.6666666666667
761,1712103.0,3053.0
762,1628608.0,4650.0
763,1715405.0,11182.5
764,1577202.0,6541.4
765,1632805.0,3681.5
766,1587501.0,3349.0
767,1607409.0,11124.625
768,4705401.0,4507.0
769,1591303.0,3853.6666666666665
770,1584807.0,6276.0
771,1581210.0,3487.0
772,1629706.0,9307.333333333334
773,1588005.0,15522.25
774,4707877.0,4683.0
775,4705657.0,2520.5
776,4705659.0,2638.0
777,4701224.0,1291.0
778,1585803.0,3939.6666666666665
779,4706136.0,3502.0
780,4705398.0,4025.75
781,4706198.0,6167.5
782,1691503.0,4015.0
783,1689409.0,8740.0
784,1584609.0,6182.166666666667
785,1583804.0,1674.0
786,1578308.0,24944.0
787,1596908.0,12423.714285714286
788,1615601.0,1341.0
789,4705739.0,1322.0
790,1690602.0,19156.6
791,4704830.0,4239.333333333333
792,1581603.0,1435.0
793,5491069.0,4442.0
794,1584908.0,8587.5
795,1587703.0,3976.0
796,4710521.0,1977.75
797,1584707.0,26895.5
798,1660106.0,5164.5
799,1578601.0,12459.25
800,1577308.0,6512.944444444444
801,4710494.0,7069.5
802,1648509.0,5695.0
803,1581609.0,9586.0
804,1692407.0,15969.5
805,1857310.0,1544.5
806,1578108.0,8252.5
807,1585801.0,5994.5
808,1692003.0,836.5
809,4705597.0,6017.666666666667
810,4712012.0,4189.0
811,1594801.0,7631.666666666667
812,1590607.0,5146.0
813,1591304.0,5521.0
814,1595101.0,2826.0
815,1581707.0,605.75
816,1674404.0,17430.25
817,1645102.0,19252.0
818,4705824.0,17978.333333333332
819,4710239.0,2666.5
820,4302169.0,7131.272727272727
821,1610302.0,4876.0
822,4705731.0,3258.0
823,1625909.0,767.0
824,1591101.0,5904.0
825,1677810.0,8924.6
826,1909401.0,2575.0
827,1581110.0,2629.0
828,1602605.0,14330.5
829,1592206.0,10311.5
830,1610502.0,2822.0
831,1590407.0,5839.857142857143
832,1585508.0,6851.8
833,1585507.0,5649.333333333333
834,1582205.0,10016.333333333334
835,1632609.0,15768.333333333334
836,5494521.0,1139.0
837,1581701.0,12960.666666666666
838,1577110.0,7384.0
839,1594902.0,735.0
840,1585609.0,17290.0
841,1587509.0,12448.0
842,1691501.0,16971.0
843,1628108.0,1770.6666666666667
844,1577907.0,3738.3333333333335
845,4705875.0,8136.0
846,1597101.0,4877.5
847,1690909.0,4738.0
848,4700000.0,22849.0
849,1684904.0,5540.0
850,1583210.0,7832.0
851,1674403.0,28038.428571428572
852,1589801.0,5537.8
853,1585705.0,3344.6666666666665
854,1578203.0,7105.0
855,1632608.0,10178.666666666666
856,4707516.0,13527.75
857,4705057.0,6891.5
858,1585907.0,3296.6666666666665
859,1578505.0,19370.666666666668
860,4706151.0,9403.0
861,1648503.0,10736.222222222223
862,4705402.0,7797.0
863,1596803.0,4465.5
864,1598203.0,4280.0
865,1691807.0,940.0
866,1582602.0,4888.0
867,1652704.0,16355.8
868,1674307.0,7591.0
869,1585704.0,538.0
870,4705736.0,744.0
871,1627905.0,3663.0
872,1590905.0,3301.25
873,1577009.0,12905.8
874,1646520.0,9179.0
875,4706528.0,15762.70588235294
876,1602409.0,11011.0
877,1607905.0,4007.0
878,1607308.0,16045.0
879,1611602.0,8196.0
880,1587307.0,3209.4
881,1628007.0,125.0
882,1577801.0,1489.3333333333333
883,1586002.0,8827.875
884,1581602.0,6736.6
885,1594805.0,7014.0
886,1645409.0,1225.0
887,1623409.0,5756.0
888,4700069.0,3555.0
889,1688707.0,21088.333333333332
890,1665008.0,7999.5
891,1670203.0,16778.2
892,1587710.0,6208.5
893,1674101.0,22103.0
894,1599408.0,7492.333333333333
895,4705783.0,1269.0
896,1581909.0,9326.714285714286
897,1628604.0,10869.0
898,4700429.0,7835.166666666667
899,4710470.0,19094.0
900,1591804.0,17806.0
901,1590002.0,2057.0
902,4719470.0,24529.0
903,1674210.0,31251.333333333332
904,1579408.0,5341.0
905,1589810.0,10562.0
906,1691206.0,3406.0
907,1635202.0,7853.5
908,4711342.0,7042.0
909,1664408.0,10239.0
910,1616904.0,3932.0
911,1589805.0,2557.0
912,4705617.0,899.0
913,1591001.0,15938.363636363636
914,4700001.0,13958.833333333334
915,1653404.0,10806.0
916,1589707.0,2276.0
917,1688703.0,3204.0
918,1688704.0,2543.0
919,4719482.0,3018.0
920,1580607.0,1481.0
921,4710275.0,297.0
922,5494510.0,305.5
923,4710278.0,170.0
924,1633305.0,60.0
925,1633205.0,61.0
926,5494517.0,136.0
927,1633203.0,301.5
928,1643407.0,5023.0
929,1606205.0,92102.0
930,1580306.0,19368.5
931,1869601.0,9475.333333333334
932,1589504.0,2037.0
933,1576906.0,831.0
934,1589506.0,1864.0
935,4710283.0,9482.0
936,1576907.0,20194.0
937,1576901.0,17058.5
938,1576902.0,1314.0
939,1588909.0,3574.0
940,1576910.0,2980.0
941,1577001.0,1492.0
942,1588910.0,1568.0
943,1589001.0,4128.0
944,1591604.0,7881.0
945,1594704.0,8175.0
946,1594705.0,7215.0
947,1591606.0,8456.0
948,1869508.0,4619.0
949,1869510.0,4232.0
950,1591607.0,5457.0
951,1591608.0,5177.0
952,1697001.0,3893.0
953,1581803.0,7679.4
954,1608804.0,1851.0
955,1585505.0,4570.0
956,1577605.0,3328.6
957,1627003.0,7562.25
958,1664205.0,5720.0
959,1590805.0,6143.0
960,1590804.0,3799.0
961,4704291.0,10837.0
962,1619304.0,1452.0
963,1598908.0,1888.0
964,4718963.0,2157.5
965,1585504.0,8780.333333333334
966,1612706.0,4320.5
967,4711771.0,4623.5
968,1584503.0,8650.5
969,4700018.0,2605.5
970,1608010.0,833.0
971,5500021.0,8621.0
972,4718974.0,468.6666666666667
973,4412721.0,5748.0
974,1605403.0,1023.5
975,1648603.0,4242.0
976,1648604.0,3401.0
977,1878409.0,1833.0
978,1878410.0,2355.0
979,4704335.0,1900.0
980,4704338.0,1446.0
981,4706636.0,6181.5
982,4707512.0,4760.0
983,1652107.0,13028.0
984,4710471.0,14359.0
985,1580701.0,7623.0
986,4710104.0,4441.0
987,1582410.0,6442.0
988,4705319.0,21037.333333333332
989,1587207.0,11611.0
990,4704846.0,7141.0
991,4705320.0,19287.0
992,1662401.0,21629.333333333332
993,4711336.0,25681.0
994,4700021.0,42724.0
995,1592905.0,6278.0
996,1592906.0,5573.0
997,4710185.0,19006.0
998,1584506.0,10385.0
999,4706543.0,9207.5
1000,1869605.0,13455.0
1001,4710092.0,20208.0
1002,4706242.0,8195.0
1003,1647508.0,2437.0
1004,1648010.0,661.0
1005,1585008.0,3882.0
1006,1595505.0,4760.333333333333
1007,1613006.0,5089.666666666667
1008,1622308.0,2369.0
1009,1841106.0,1150.0
1010,4701502.0,2569.0
1011,4703397.0,5022.0
1012,4710258.0,3122.0
1013,4704427.0,5009.0
1014,4704807.0,1807.0
1015,4704859.0,4281.0
1016,1682607.0,1999.0
1017,4718285.0,712.0
1018,4711769.0,1624.0
1019,1577310.0,5690.0
1020,1591803.0,3515.0
1021,1594803.0,4437.0
1022,1594804.0,11064.0
1023,1591805.0,11691.0
1024,1594806.0,4503.0
1025,1591806.0,4246.0
1026,1594808.0,12954.0
1027,1591808.0,13179.0
1028,1594810.0,5211.0
1029,1591809.0,4912.0
1030,1594901.0,6168.0
1031,4710300.0,8051.0
1032,1591906.0,6726.0
1033,1594904.0,6722.0
1034,1594905.0,11197.0
1035,1591908.0,5823.0
1036,1594906.0,6034.0
1037,1594908.0,9747.0
1038,1594909.0,4283.0
1039,1591710.0,5327.0
1040,4705626.0,1728.0
1041,4706065.0,11491.0
1042,4706176.0,1258.0
1043,4706239.0,1510.0
1044,4706240.0,4386.0
1045,4706271.0,3743.0
1046,4706748.0,759.0
1047,4706970.0,1518.0
1048,4707406.0,2196.0
1049,4707552.0,836.0
1050,4707898.0,47.0
1051,4707899.0,542.0
1052,4707920.0,3009.0
1053,4710944.0,4445.0
1054,4711175.0,4333.0
1055,4711341.0,5619.0
1056,4711781.0,1724.0
1057,1580402.0,5952.0
1058,1594603.0,4965.0
1059,1653005.0,3967.0
1060,1656703.0,3952.0
1061,1657805.0,3240.0
1062,1578908.0,2596.0
1063,1580503.0,9860.0
1064,1580505.0,3342.0
1065,1580509.0,2457.0
1066,1589610.0,10456.0
1067,1600004.0,900.0
1068,1600102.0,3826.0
1069,1648605.0,2512.0
1070,1648607.0,4024.0
1071,1649401.0,6833.0
1072,1651105.0,5080.0
1073,1651109.0,3032.0
1074,1653104.0,3488.0
1075,1653505.0,3213.0
1076,4706600.0,7071.0
1077,4711169.0,2431.0
1078,4711170.0,2384.0
1079,4706467.0,2342.5
1080,1651306.0,3252.3333333333335
1081,1653407.0,2834.5
1082,1653403.0,1214.0
1083,4719115.0,6431.0
1084,1579305.0,4675.0
1085,4711427.0,3353.0
1086,4705565.0,7873.5
1087,4710028.0,2941.0
1088,1577109.0,9482.0
1089,1577203.0,3030.0
1090,1577210.0,2779.0
1091,1577302.0,1228.0
1092,1577306.0,2133.6666666666665
1093,1577506.0,5239.8
1094,1577607.0,673.0
1095,1577901.0,1012.0
1096,1577906.0,889.0
1097,1578001.0,3234.6666666666665
1098,1581509.0,262.0
1099,1581605.0,1415.0
1100,1581901.0,1403.0
1101,1582204.0,942.0
1102,1582302.0,2220.0
1103,1582303.0,4866.0
1104,1582509.0,1838.0
1105,1582601.0,7511.0
1106,1582710.0,1370.0
1107,1583606.0,556.0
1108,1583905.0,4111.0
1109,1584002.0,1224.0
1110,1584102.0,1250.0
1111,4718975.0,216.0
1112,1584502.0,3898.0
1113,1584607.0,4984.0
1114,1584701.0,1054.0
1115,1584804.0,720.0
1116,1585408.0,688.0
1117,1585701.0,3002.0
1118,1585703.0,1679.0
1119,1585807.0,3261.0
1120,1586301.0,697.0
1121,1586404.0,636.0
1122,1586705.0,1525.3333333333333
1123,4711284.0,4367.0
1124,1587305.0,5502.5
1125,1587309.0,985.0
1126,1587405.0,1003.0
1127,1588110.0,620.0
1128,1588404.0,1961.0
1129,1588609.0,3023.0
1130,1589808.0,3786.0
1131,1589906.0,2021.0
1132,1590108.0,167.0
1133,1590310.0,1481.0
1134,1590403.0,5569.0
1135,1590506.0,6056.0
1136,1591107.0,1787.0
1137,1591204.0,4240.333333333333
1138,1591810.0,6017.5
1139,1594809.0,6356.0
1140,1597904.0,1383.0
1141,1598001.0,220.0
1142,1598105.0,1688.0
1143,1598202.0,6228.0
1144,1598301.0,2542.0
1145,1600904.0,2927.0
1146,1601110.0,1035.0
1147,1601208.0,2410.0
1148,1602103.0,9477.5
1149,1607907.0,1210.0
1150,1608101.0,208.0
1151,1608305.0,76.0
1152,1608504.0,6810.0
1153,1608601.0,369.0
1154,1608803.0,5475.0
1155,1609403.0,4626.0
1156,1609505.0,590.0
1157,1609703.0,1193.0
1158,1609801.0,1412.0
1159,1609803.0,1326.0
1160,1609806.0,1725.0
1161,1609808.0,649.0
1162,1610609.0,4162.0
1163,1611109.0,2479.0
1164,1611304.0,1986.0
1165,1611305.0,1358.0
1166,1611306.0,1411.0
1167,1611603.0,1986.0
1168,1614102.0,366.0
1169,1614105.0,651.0
1170,1614108.0,491.0
1171,1615404.0,1687.0
1172,1615405.0,2458.0
1173,1615408.0,1414.0
1174,1616109.0,655.0
1175,1616710.0,1216.0
1176,1616801.0,3659.0
1177,1617104.0,412.0
1178,1617202.0,2273.0
1179,1617601.0,1115.0
1180,1617607.0,645.0
1181,1617703.0,987.0
1182,1617705.0,2329.0
1183,1617909.0,1138.0
1184,1618206.0,1947.0
1185,1618310.0,1377.0
1186,1618509.0,727.0
1187,1618605.0,1713.0
1188,1618610.0,932.0
1189,1619101.0,1082.0
1190,1619310.0,1504.0
1191,1621208.0,1002.0
1192,1623606.0,418.0
1193,1623608.0,777.0
1194,1624313.0,836.0
1195,1625110.0,3654.0
1196,1625910.0,657.0
1197,1627907.0,2544.5
1198,1628009.0,2815.0
1199,4712427.0,426.0
1200,1628206.0,158.0
1201,1629109.0,1038.0
1202,1630706.0,4184.0
1203,1631501.0,6568.0
1204,1632102.0,1489.0
1205,1633110.0,2012.5
1206,1633609.0,935.0
1207,1638308.0,1498.0
1208,1640409.0,3030.0
1209,1713306.0,698.0
1210,1713403.0,852.0
1211,1713508.0,1962.0
1212,1714006.0,748.0
1213,1877809.0,809.0
1214,4700425.0,910.0
1215,4700499.0,1435.6666666666667
1216,4700638.0,261.0
1217,4701218.0,1300.0
1218,4704391.0,2598.0
1219,4704393.0,468.0
1220,4708768.0,6247.0
1221,4704949.0,1577.0
1222,4705321.0,2386.0
1223,4705508.0,1883.0
1224,4705563.0,298.0
1225,4705644.0,2167.0
1226,4705652.0,7154.0
1227,4705666.0,1910.0
1228,4705675.0,1257.0
1229,4705681.0,2918.75
1230,4705698.0,840.5
1231,4705718.0,729.3333333333334
1232,4705738.0,1084.0
1233,4705757.0,1648.0
1234,4705828.0,2618.0
1235,1595105.0,1530.6666666666667
1236,4707026.0,266.0
1237,4707054.0,271.0
1238,4707213.0,5313.0
1239,4707539.0,2454.0
1240,4707817.0,1882.0
1241,4707996.0,1882.0
1242,4707998.0,865.0
1243,4708258.0,531.0
1244,4708708.0,1832.0
1245,4708709.0,1535.0
1246,4710137.0,2559.0
1247,4710172.0,170.0
1248,4710428.0,3595.0
1249,4710473.0,1340.0
1250,4710491.0,1704.5
1251,4711260.0,1602.0
1252,4711770.0,2638.0
1253,4711774.0,7806.0
1254,4711776.0,4216.0
1255,4711778.0,9148.0
1256,4711888.0,189.0
1257,4711890.0,4092.0
1258,4711891.0,4495.0
1259,4711899.0,358.0
1260,1590007.0,1930.0
1261,1580405.0,3325.0
1262,1580403.0,4903.5
1263,1577004.0,2356.0
1264,1580702.0,4792.0
1265,1581903.0,8152.8
1266,4706472.0,14110.5
1267,1589602.0,2116.0
1268,1589510.0,2024.0
1269,1591609.0,5798.0
1270,1589601.0,6995.0
1271,1876806.0,3205.0
1272,1579104.0,3067.0
1273,1580010.0,4686.0
1274,1589004.0,2492.0
1275,1577008.0,2032.0
1276,1577010.0,8142.0
1277,1580404.0,2830.0
1278,1591610.0,5657.0
1279,1594709.0,5668.0
1280,1598909.0,4084.0
1281,1598910.0,3252.0
1282,1591702.0,4473.0
1283,1591704.0,3070.0
1284,1594710.0,7146.0
1285,1597009.0,5032.0
1286,1591705.0,6129.0
1287,1597006.0,4741.0
1288,1591707.0,4054.0
1289,1597008.0,5300.0
1290,1597005.0,6407.0
1291,1597007.0,3271.0
1292,1599001.0,7402.0
1293,1589508.0,1449.0
1294,4719481.0,2549.0
1295,1596905.0,5112.0
1296,4706541.0,1297.0
1297,4706540.0,1888.0
1298,1596909.0,5578.0
1299,4706539.0,3243.0
1300,1597001.0,5718.0
1301,1591703.0,2896.0
1302,4706471.0,9659.0
1303,1577102.0,4439.0
1304,1591708.0,4536.0
1305,1596904.0,5295.0
1306,1596903.0,5087.0
1307,1594707.0,4229.0
1308,1594708.0,5687.0
1309,1585606.0,2117.0
1310,1581303.0,2613.3333333333335
1311,1585105.0,11445.0
1312,1591907.0,11037.0
1313,4711432.0,2139.0
1314,4711788.0,7789.333333333333
1315,1598504.0,16481.0
1316,1585810.0,3733.0
1317,1598503.0,3812.0
1318,4711335.0,1135.0
1319,1590906.0,8302.0
1320,4710289.0,2616.0
1321,1590902.0,7249.0
1322,1584706.0,2268.0
1323,1585209.0,6968.0
1324,4710330.0,3021.0
1325,4710325.0,2558.0
1326,1591104.0,1617.0
1327,1924005.0,6880.0
1328,1578706.0,3518.0
1329,1578705.0,3025.0
1330,1869509.0,4818.0
1331,1869507.0,3920.0
1332,1580002.0,4220.0
1333,1580001.0,1681.0
1334,1594504.0,3364.0
1335,1592401.0,2979.0
1336,1595207.0,6033.0
1337,4710178.0,6451.0
1338,1592501.0,3297.0
1339,4700025.0,4425.0
1340,4706751.0,4578.0
1341,1595209.0,4552.0
1342,1592405.0,10112.0
1343,1592406.0,3529.0
1344,1595003.0,2402.0
1345,1592409.0,3010.0
1346,1595004.0,7630.0
1347,1594505.0,6555.0
1348,4700047.0,9295.0
1349,1592605.0,9810.0
1350,1595104.0,2366.0
1351,1590408.0,12916.0
1352,1582101.0,14580.0
1353,4710310.0,14587.0
1354,1585206.0,2960.0
1355,4718278.0,953.0
1356,1594910.0,22812.0
1357,4710299.0,602.0
1358,1589102.0,2176.0
1359,1577501.0,2309.0
1360,1590507.0,4952.5
1361,1628807.0,3082.0
1362,1584810.0,3764.0
1363,1577707.0,1701.0
1364,1585101.0,3111.0
1365,1585406.0,2067.0
1366,4708422.0,4182.5
1367,1586209.0,4724.0
1368,1607604.0,3822.0
1369,1607606.0,4495.0
1370,1607607.0,6852.0
1371,1607803.0,4417.0
1372,1607804.0,3017.0
1373,1607801.0,8350.0
1374,1607805.0,4902.0
1375,1607806.0,2476.0
1376,1607807.0,4323.0
1377,1607603.0,2740.0
1378,1607601.0,4496.0
1379,1607510.0,5162.0
1380,1607509.0,9308.0
1381,1607508.0,5077.0
1382,1606206.0,13179.0
1383,1606208.0,9618.0
1384,1606209.0,4445.0
1385,4710335.0,7550.0
1386,1606304.0,11290.0
1387,1606306.0,7452.0
1388,1606307.0,8766.0
1389,1606310.0,10935.0
1390,1606401.0,12928.0
1391,1606403.0,6541.0
1392,1589409.0,8914.0
1393,1606404.0,7347.0
1394,1606407.0,6867.0
1395,1606409.0,12354.0
1396,1606604.0,12750.0
1397,1606603.0,6402.0
1398,1589410.0,8416.0
1399,1579509.0,8335.0
1400,1606602.0,6526.0
1401,1606601.0,15123.0
1402,1606510.0,8736.0
1403,1606509.0,8935.0
1404,1606508.0,7320.0
1405,1606507.0,11218.0
1406,1606506.0,7017.0
1407,1606505.0,4733.0
1408,1606005.0,9172.0
1409,1606003.0,10637.0
1410,1592002.0,11480.0
1411,1586101.0,3235.0
1412,1877910.0,469.0
1413,4707464.0,32947.0
1414,1577808.0,4412.666666666667
1415,1592506.0,2082.0
1416,4704854.0,3103.0
1417,1583004.0,4900.0
1418,4706952.0,2009.0
1419,1581806.0,7125.5
1420,1584710.0,3997.0
1421,1597707.0,2386.0
1422,1583501.0,689.0
1423,1581710.0,1857.0
1424,1580610.0,1197.4
1425,1581709.0,4716.4
1426,4701478.0,1850.0
1427,1581907.0,6893.666666666667
1428,1583604.0,359.0
1429,1577410.0,3096.0
1430,1614310.0,2163.0
1431,1621303.0,1576.75
1432,1608706.0,1308.0
1433,1577504.0,2180.5
1434,1615607.0,4242.0
1435,1584404.0,2468.5
1436,4708767.0,1523.0
1437,4706949.0,4374.0
1438,1607904.0,270.0
1439,1607903.0,422.0
1440,1577604.0,3642.0
1441,1598607.0,1544.0
1442,1615401.0,4300.0
1443,1598501.0,2673.3333333333335
1444,1584401.0,1786.0
1445,1591207.0,5826.0
1446,1577608.0,937.0
1447,1715605.0,7573.5
1448,1577709.0,5378.5
1449,4705080.0,3316.0
1450,4711426.0,1888.6666666666667
1451,4705805.0,2655.0
1452,1631701.0,3936.0
1453,4705782.0,3330.0
1454,1591307.0,7092.0
1455,1584501.0,10052.0
1456,4705610.0,2754.0
1457,4704287.0,1569.0
1458,4705761.0,5552.5
1459,4707783.0,2404.0
1460,1632110.0,6822.333333333333
1461,4711073.0,4007.5
1462,4705812.0,4987.0
1463,1588208.0,5801.0
1464,1635003.0,5051.0
1465,4708766.0,2706.0
1466,1633206.0,1446.0
1467,5494522.0,2314.5
1468,4705487.0,4754.0
1469,4718918.0,3301.0
1470,1587407.0,5959.333333333333
1471,1595509.0,1615.0
1472,1598402.0,3618.0
1473,1631706.0,1918.0
1474,4707490.0,1259.0
1475,1712809.0,854.0
1476,1713402.0,876.0
1477,4705784.0,813.0
1478,1609609.0,2062.0
1479,1581905.0,1029.6
1480,4700002.0,1245.0
1481,4706937.0,10820.0
1482,4718377.0,3637.5
1483,1577810.0,2983.0
1484,1713304.0,6208.0
1485,4705399.0,6741.0
1486,4711343.0,4455.5
1487,1624005.0,3027.0
1488,1586702.0,6915.0
1489,1590901.0,3714.0
1490,1588403.0,3572.5
1491,4705737.0,8076.0
1492,1627904.0,731.0
1493,1587308.0,10051.0
1494,4718287.0,5259.0
1495,1611110.0,7766.0
1496,4718959.0,319.0
1497,4705623.0,261.0
1498,1608307.0,6770.0
1499,4705588.0,3989.0
1500,1584209.0,1318.0
1501,4704576.0,2300.0
1502,4705748.0,4198.0
1503,1625409.0,3447.0
1504,4704611.0,736.0
1505,4706969.0,1150.0
1506,1633508.0,2424.0
1507,1578003.0,5511.333333333333
1508,1578102.0,3750.0
1509,1804001.0,702.0
1510,4705400.0,9413.4
1511,4708755.0,1512.5
1512,1628002.0,1766.0
1513,4712428.0,337.0
1514,1628107.0,833.0
1515,4718987.0,1665.5
1516,1598409.0,186.0
1517,1598408.0,1358.0
1518,5494512.0,342.0
1519,1585708.0,2288.0
1520,1586408.0,2678.0
1521,1632002.0,5636.0
1522,4705979.0,2484.6666666666665
1523,1620803.0,5868.0
1524,4718421.0,976.0
1525,4701342.0,20164.0
1526,1625103.0,5226.0
1527,1584210.0,4658.0
1528,1608005.0,7631.0
1529,1634303.0,1307.0
1530,4705775.0,668.0
1531,4706135.0,3428.0
1532,1634703.0,1784.0
1533,1634802.0,1030.0
1534,1625510.0,2359.0
1535,4710513.0,163.0
1536,1581309.0,3555.0
1537,1609002.0,524.0
1538,1583105.0,1645.0
1539,1638104.0,519.0
1540,1591302.0,6034.0
1541,4718954.0,29487.0
1542,1591508.0,2351.0
1543,4705628.0,54.0
1544,1608405.0,177.0
1545,4707883.0,1510.0
1546,1584403.0,976.0
1547,4711772.0,4168.0
1548,4704589.0,2549.0
1549,1635305.0,3588.0
1550,1639410.0,4010.0
1551,1637802.0,3567.0
1552,1637806.0,1832.0
1553,1639605.0,4235.0
1554,1714801.0,3683.0
1555,1715203.0,3906.0
1556,1636207.0,1423.0
1557,1637610.0,3745.0
1558,4705375.0,1209.0
1559,4702103.0,8240.0
1560,1636204.0,4822.0
1561,4706089.0,2386.0
1562,1635905.0,3449.0
1563,4702102.0,18551.5
1564,1630904.0,2386.0
1565,1712308.0,4717.0
1566,1805203.0,3794.5
1567,1630810.0,3034.0
1568,4705313.0,3473.0
1569,1597406.0,3901.0
1570,4711291.0,4010.0
1571,1642902.0,3144.0
1572,1670310.0,1765.0
1573,1592404.0,4206.0
1574,1592410.0,5493.0
1575,1593310.0,3496.0
1576,1660207.0,3542.0
1577,5491821.0,4010.0
1578,4710165.0,4869.0
1579,1594503.0,5193.0
1580,4706749.0,4448.0
1581,1604906.0,1384.0
1582,1606910.0,2492.0
1583,1695805.0,4228.0
1584,1696207.0,4010.0
1585,1696208.0,4074.5
1586,1700705.0,4350.0
1587,4710394.0,25452.928571428572
1588,1604605.0,15444.0
1589,1604610.0,7371.333333333333
1590,1708110.0,2405.0
1591,1708204.0,1284.6666666666667
1592,1663601.0,2109.0
1593,4705846.0,1692.0
1594,1664409.0,2361.0
1595,1682506.0,806.0
1596,1664702.0,10699.0
1597,1589307.0,2737.0
1598,1592306.0,3260.0
1599,1594007.0,4382.0
1600,1662707.0,3299.0
1601,1664901.0,3425.0
1602,1665001.0,2748.0
1603,1665305.0,4404.0
1604,4705866.0,2902.0
1605,4711367.0,2907.0
1606,1579910.0,4514.0
1607,1655206.0,16178.0
1608,1656610.0,3794.0
1609,4705981.0,1406.0
1610,4705943.0,6242.0
1611,1692903.0,9475.0
1612,1692908.0,6375.5
1613,1592803.0,3367.0
1614,1592804.0,2081.0
1615,4705839.0,4010.0
1616,1599304.0,4296.0
1617,1599309.0,4425.0
1618,1680904.0,3400.0
1619,1595907.0,3072.0
1620,1596010.0,4068.0
1621,1607406.0,8537.142857142857
1622,1650408.0,2282.0
1623,1666001.0,3316.0
1624,1666107.0,1059.0
1625,1669808.0,2333.0
1626,1669910.0,7996.0
1627,1678601.0,3003.0
1628,1685107.0,2705.0
1629,4702294.0,9786.0
1630,1661508.0,2597.0
1631,1665208.0,2176.0
1632,4705862.0,5936.0
1633,4711051.0,1131.0
1634,5491107.0,1677.0
1635,1577205.0,2865.0
1636,1577806.0,1668.0
1637,1583502.0,1164.0
1638,1587906.0,152.0
1639,1588708.0,3972.0
1640,1588709.0,497.0
1641,1590210.0,727.0
1642,1591010.0,564.0
1643,1591106.0,2054.0
1644,1615510.0,2300.0
1645,1617810.0,1154.0
1646,1619410.0,1695.0
1647,1625104.0,546.0
1648,1626010.0,2041.0
1649,5494516.0,417.0
1650,1638603.0,6178.0
1651,1877903.0,3538.0
1652,1881003.0,2552.0
1653,1908010.0,1215.0
1654,1908101.0,3867.0
1655,4718958.0,1641.0
1656,4705640.0,4924.0
1657,4705781.0,832.0
1658,4705973.0,8.0
1659,4710085.0,1046.0
1660,4710514.0,2183.0
1661,4710517.0,1941.0
1662,5494461.0,387.0
1663,1634903.0,1465.0
1664,4705438.0,994.0
1665,1585110.0,7599.0
1666,4707027.0,250.0
1667,1626507.0,295.0
1668,1589802.0,198.0
1669,4711283.0,1951.0
1670,1632705.0,1848.0
1671,1609903.0,158.0
1672,1592806.0,2776.0
1673,1686907.0,1629.0
1674,1879310.0,418.0
1675,1590809.0,7039.0
1676,1592003.0,12551.0
1677,4700043.0,4343.0
1678,1631905.0,1840.0
1679,1631803.0,1687.0
1680,4705457.0,1768.0
1681,1598905.0,4480.0
1682,1598507.0,20039.0
1683,1584608.0,3060.0
1684,1577904.0,14921.666666666666
1685,1588008.0,8519.0
1686,1577802.0,3549.0
1687,1584410.0,5069.0
1688,1577805.0,1671.0
1689,1585307.0,5132.0
1690,1584909.0,1998.0
1691,1585401.0,2908.0
1692,1584907.0,9225.0
1693,1585310.0,7744.0
1694,4705754.0,3548.0
1695,1577206.0,4549.0
1696,1577208.0,4549.0
1697,1589008.0,3910.0
1698,1589007.0,4126.0
1699,1584406.0,5040.0
1700,1577507.0,5031.0
1701,1584905.0,10052.0
1702,1577508.0,8345.0
1703,1577602.0,4861.0
1704,1584906.0,7173.0
1705,1577603.0,10937.0
1706,1585309.0,14629.0
1707,1578002.0,3333.0
1708,1589201.0,2829.0
1709,1578004.0,2052.0
1710,1580301.0,4199.0
1711,1579809.0,1100.0
1712,1580302.0,5826.0
1713,1579810.0,2728.0
1714,1577106.0,1872.0
1715,1584601.0,5638.0
1716,1584510.0,1942.0
1717,1584509.0,4576.0
1718,1585109.0,3955.0
1719,1584504.0,6743.0
1720,1585106.0,7267.0
1721,1584505.0,5321.0
1722,1585107.0,5952.0
1723,1584507.0,8900.0
1724,1585108.0,8345.0
1725,1584604.0,4591.0
1726,4711346.0,4977.0
1727,1584606.0,4341.0
1728,1585204.0,5435.0
1729,1585205.0,3347.0
1730,4710004.0,3198.0
1731,1584708.0,1686.0
1732,1585210.0,1379.0
1733,1584709.0,1486.0
1734,1585301.0,2028.0
1735,1584801.0,1188.0
1736,1585302.0,1183.0
1737,1584803.0,3901.0
1738,4705639.0,1339.0
1739,1585304.0,1939.0
1740,1585305.0,2273.0
1741,1584808.0,2520.0
1742,1585306.0,3052.0
1743,1584902.0,4813.0
1744,1585402.0,5852.0
1745,1585405.0,6016.0
1746,1589104.0,3897.0
1747,1577606.0,4318.0
1748,1585407.0,13834.0
1749,4705575.0,3232.0
1750,1585410.0,4141.0
1751,1589103.0,5351.0
1752,1577505.0,4930.0
1753,1586010.0,5779.0
1754,1578008.0,3696.0
1755,1577703.0,12955.0
1756,4705734.0,4984.0
1757,1577708.0,9865.0
1758,1577701.0,18000.0
1759,1585603.0,435.0
1760,4705662.0,18386.333333333332
1761,1577704.0,5677.0
1762,1589208.0,6254.0
1763,1578110.0,5614.0
1764,1578202.0,8298.0
1765,1589209.0,8039.0
1766,1589202.0,2179.0
1767,1589203.0,5608.0
1768,1589204.0,5041.0
1769,1589205.0,9008.0
1770,1578101.0,7619.0
1771,1589206.0,6756.0
1772,1578105.0,5979.0
1773,1589701.0,492.0
1774,1578205.0,6212.0
1775,1589210.0,8421.0
1776,1578107.0,5108.0
1777,4705827.0,4575.0
1778,1577108.0,5468.0
1779,1577807.0,6509.0
1780,1589107.0,7349.0
1781,1577809.0,2309.0
1782,1589108.0,3511.0
1783,1589109.0,4972.0
1784,1577903.0,5017.0
1785,1577905.0,1899.0
1786,1589110.0,2683.0
1787,1589005.0,1581.0
1788,1577201.0,2342.0
1789,1577204.0,3714.0
1790,1589006.0,2964.0
1791,1581703.0,5625.0
1792,1591802.0,14543.0
1793,1590501.0,16724.0
1794,1591706.0,7207.0
1795,1594802.0,7344.0
1796,1585805.0,5993.0
1797,1586109.0,5399.0
1798,1578301.0,9357.0
1799,1589304.0,7015.0
1800,1578304.0,11473.0
1801,4705311.0,5210.0
1802,1589303.0,4448.0
1803,1578209.0,2660.0
1804,1592009.0,16311.0
1805,1589302.0,12028.0
1806,1589606.0,6498.0
1807,1589608.0,6955.0
1808,1589605.0,5350.0
1809,1589607.0,5349.0
1810,1585308.0,8125.0
1811,1584904.0,8185.0
1812,1592304.0,4594.0
1813,1595204.0,5497.0
1814,1592307.0,6152.0
1815,1595205.0,6192.0
1816,1595201.0,6867.0
1817,4718435.0,6539.0
1818,4718434.0,1955.0
1819,1592205.0,10113.0
1820,4707547.0,4557.0
1821,4707550.0,4038.0
1822,1598906.0,11970.0
1823,1589502.0,5401.0
1824,1590704.0,5800.0
1825,1590705.0,2929.0
1826,1590706.0,6068.0
1827,1583109.0,6059.0
1828,1583110.0,4847.0
1829,1590802.0,5673.0
1830,4707931.0,2582.0
1831,1581802.0,3404.0
1832,1581804.0,3790.0
1833,1581810.0,4551.0
1834,1581902.0,2169.0
1835,1582007.0,2822.0
1836,1582006.0,5205.0
1837,1582005.0,2146.0
1838,4705651.0,3604.0
1839,1582003.0,4423.0
1840,1582002.0,2395.0
1841,1606605.0,1468.0
1842,1583106.0,19236.0
1843,1590701.0,3544.0
1844,4710177.0,6179.0
1845,1590608.0,5914.0
1846,1583104.0,6630.0
1847,1590505.0,4258.0
1848,1590504.0,6455.0
1849,1589503.0,4186.0
1850,1598907.0,11511.0
1851,1592505.0,3981.0
1852,1581801.0,2044.0
